"","date","posTest","negTest","tests","cases","admissions","discharges","currentHosp","ICU","vent","dailyDeaths","percentPos","Avg7Day_Cases","Last7Days_100k","Avg7Day_Tests","Avg7Day_Pos","Avg7Day_Adm","Avg7Day_Hosp","Avg7Day_ICU","Avg7Day_Vent","Avg7Day_Deaths"
"1",2020-03-08,0,18,18,0,0,0,3,2,1,0,0,NA,NA,NA,NA,NA,NA,NA,NA,NA
"2",2020-03-09,1,15,16,1,0,0,3,2,1,0,6.2,NA,NA,NA,NA,NA,NA,NA,NA,NA
"3",2020-03-10,2,25,27,1,0,0,3,2,1,0,3.7,NA,NA,NA,NA,NA,NA,NA,NA,NA
"4",2020-03-11,0,34,34,0,1,0,4,1,1,0,0,NA,NA,NA,NA,NA,NA,NA,NA,NA
"5",2020-03-12,9,41,50,7,1,0,5,1,1,0,14,NA,NA,NA,NA,NA,NA,NA,NA,NA
"6",2020-03-13,6,50,56,6,4,1,8,1,1,0,10.7,NA,NA,NA,NA,NA,NA,NA,NA,NA
"7",2020-03-14,0,90,90,0,0,0,8,1,1,0,0,2,1,42,4.9,1,5,1,1,0
"8",2020-03-15,1,54,55,1,1,0,9,2,1,0,1.8,2,2,47,5.2,1,6,1,1,0
"9",2020-03-16,2,95,97,2,2,0,11,2,0,0,2.1,2,2,58,4.6,1,7,1,1,0
"10",2020-03-17,12,162,174,11,6,0,17,2,0,0,6.3,4,3,79,5,2,9,1,1,0
"11",2020-03-18,9,116,125,11,3,0,20,2,0,0,8.8,5,4,92,6.2,2,11,2,1,0
"12",2020-03-19,15,262,277,17,2,1,21,3,0,1,6.1,7,5,125,5.1,3,13,2,0,0
"13",2020-03-20,13,197,210,13,5,0,26,4,0,0,6.2,8,5,147,4.5,3,16,2,0,0
"14",2020-03-21,12,126,138,14,3,2,27,5,0,0,10.1,10,7,154,5.9,3,19,3,0,0
"15",2020-03-22,27,282,309,25,2,0,29,5,0,0,8.1,13,9,190,6.8,3,22,3,0,0
"16",2020-03-23,14,169,183,16,15,1,43,9,3,0,8.7,15,10,202,7.8,5,26,4,0,0
"17",2020-03-24,20,242,262,19,8,0,51,10,5,0,7.3,16,11,215,7.9,5,31,5,1,0
"18",2020-03-25,26,182,208,28,5,2,54,11,3,0,13.5,19,12,227,8.6,6,36,7,2,0
"19",2020-03-26,35,181,216,41,9,5,58,14,5,0,19,22,15,218,10.4,7,41,8,2,0
"20",2020-03-27,27,214,241,31,9,1,65,16,6,2,12.9,25,16,222,11.4,7,47,10,3,0
"21",2020-03-28,59,260,319,64,11,2,73,15,6,1,20.1,32,21,248,12.8,8,53,11,4,0
"22",2020-03-29,100,350,450,105,8,3,77,18,8,2,23.3,43,29,268,15,9,60,13,5,1
"23",2020-03-30,62,222,284,78,19,5,91,19,11,3,27.5,52,35,283,17.7,10,67,15,6,1
"24",2020-03-31,71,369,440,73,11,7,94,21,13,2,16.6,60,40,308,19,10,73,16,7,1
"25",2020-04-01,99,698,797,100,18,7,105,29,15,1,12.5,70,46,392,18.8,12,80,19,9,2
"26",2020-04-02,52,477,529,62,22,6,119,35,21,4,11.7,73,48,437,17.8,14,89,22,11,2
"27",2020-04-03,108,774,882,99,23,7,135,42,25,3,11.2,83,55,529,17.6,16,99,26,14,2
"28",2020-04-04,143,660,803,138,22,4,148,40,29,9,17.2,94,62,598,17.1,18,110,29,17,3
"29",2020-04-05,187,1156,1343,181,20,9,158,43,35,2,13.5,104,69,725,15.7,19,121,33,21,3
"30",2020-04-06,218,1706,1924,206,26,7,177,47,39,7,10.7,123,81,960,13.3,20,134,37,25,4
"31",2020-04-07,284,1629,1913,260,20,4,191,49,41,5,13.6,149,99,1170,12.9,22,148,41,29,4
"32",2020-04-08,290,1720,2010,271,18,8,196,49,37,10,13.5,174,115,1343,13.1,22,161,44,32,6
"33",2020-04-09,283,1516,1799,276,32,8,216,53,40,7,15.3,204,135,1525,13.6,23,174,46,35,6
"34",2020-04-10,419,2574,2993,401,29,17,223,59,41,11,13.4,248,164,1826,13.9,24,187,49,37,7
"35",2020-04-11,298,1905,2203,280,29,11,239,61,48,12,12.7,268,177,2026,13.2,25,200,52,40,8
"36",2020-04-12,315,1670,1985,286,35,12,257,59,49,9,14.4,283,187,2118,13.4,27,214,54,42,9
"37",2020-04-13,161,935,1096,187,35,13,276,64,54,9,17.1,280,185,2000,14.3,28,228,56,44,9
"38",2020-04-14,290,1787,2077,261,27,18,280,72,53,8,12.6,280,185,2023,14.1,29,241,60,46,9
"39",2020-04-15,350,1799,2149,306,31,20,288,72,54,17,14.2,285,189,2043,14.2,31,254,63,48,10
"40",2020-04-16,447,2494,2941,387,36,25,293,72,53,14,13.2,301,199,2206,13.9,32,265,66,50,11
"41",2020-04-17,304,1822,2126,290,32,20,298,66,45,21,13.6,285,189,2082,14,32,276,67,51,13
"42",2020-04-18,321,1725,2046,285,26,18,302,63,49,15,13.9,286,189,2060,14.1,32,285,67,51,13
"43",2020-04-19,381,2046,2427,337,23,26,298,65,55,11,13.9,293,194,2123,14.1,30,291,68,52,14
"44",2020-04-20,394,1907,2301,375,46,29,313,75,56,10,16.3,320,212,2295,14,32,296,69,52,14
"45",2020-04-21,444,2110,2554,382,44,31,321,72,56,18,15,337,223,2363,14.3,34,302,69,53,15
"46",2020-04-22,418,2390,2808,380,41,32,325,73,58,18,13.5,348,230,2458,14.2,35,307,69,53,15
"47",2020-04-23,479,2469,2948,411,32,28,324,76,62,15,13.9,351,232,2459,14.3,35,312,70,54,15
"48",2020-04-24,491,3284,3775,405,35,27,328,85,63,15,10.7,368,243,2694,13.9,35,316,73,57,15
"49",2020-04-25,393,2206,2599,299,34,17,340,85,62,14,11.5,370,244,2773,13.5,36,321,76,59,14
"50",2020-04-26,316,2309,2625,274,33,15,355,86,59,14,10.4,361,238,2801,13,38,329,79,59,15
"51",2020-04-27,249,1620,1869,206,29,21,359,86,61,10,11,337,222,2740,12.3,35,336,80,60,15
"52",2020-04-28,410,2263,2673,330,44,24,376,88,59,22,12.3,329,218,2757,11.9,35,344,83,61,15
"53",2020-04-29,476,3343,3819,371,35,38,362,78,53,18,9.7,328,217,2901,11.4,35,349,83,60,15
"54",2020-04-30,432,2769,3201,350,33,37,352,83,57,24,10.9,319,211,2937,10.9,35,353,84,59,17
"55",2020-05-01,454,3086,3540,323,52,38,363,84,58,14,9.1,308,203,2904,10.7,37,358,84,58,17
"56",2020-05-02,257,1926,2183,193,34,39,354,92,62,24,8.8,292,193,2844,10.3,37,360,85,58,18
"57",2020-05-03,283,2160,2443,183,31,26,351,90,61,21,7.5,279,185,2818,9.9,37,360,86,59,19
"58",2020-05-04,387,2098,2485,290,30,31,344,88,58,18,11.7,291,193,2906,10,37,357,86,58,20
"59",2020-05-05,433,2873,3306,300,25,28,335,82,55,16,9.1,287,190,2997,9.5,34,352,85,58,19
"60",2020-05-06,488,2830,3318,339,27,43,310,80,55,21,10.2,283,187,2925,9.6,33,344,86,58,20
"61",2020-05-07,425,2969,3394,270,33,40,297,72,53,21,8,271,179,2953,9.2,33,336,84,57,19
"62",2020-05-08,359,2598,2957,229,30,26,294,72,54,22,7.7,258,170,2869,9,30,326,82,57,20
"63",2020-05-09,467,3346,3813,288,21,20,291,70,52,15,7.6,271,179,3102,8.8,28,317,79,55,19
"64",2020-05-10,285,2117,2402,190,19,22,282,71,50,14,7.9,272,180,3096,8.9,26,308,76,54,18
"65",2020-05-11,257,1857,2114,173,31,16,291,72,50,15,8.2,256,169,3043,8.4,27,300,74,53,18
"66",2020-05-12,387,2611,2998,225,23,18,292,70,49,22,7.5,245,162,2999,8.2,26,294,72,52,19
"67",2020-05-13,351,3632,3983,198,23,25,289,70,50,13,5,225,148,3094,7.4,26,291,71,51,17
"68",2020-05-14,329,3407,3736,233,19,27,278,65,46,15,6.2,219,145,3143,7.2,24,288,70,50,17
"69",2020-05-15,381,3457,3838,232,25,41,257,63,46,14,6,220,145,3269,6.9,23,283,69,49,15
"70",2020-05-16,449,4156,4605,247,25,15,262,62,47,15,5.4,214,141,3382,6.6,24,279,68,48,15
"71",2020-05-17,240,2768,3008,126,17,9,265,60,46,10,4.2,205,135,3469,6.1,23,276,66,48,15
"72",2020-05-18,250,2001,2251,134,19,16,263,58,41,18,6,199,132,3488,5.8,22,272,64,46,15
"73",2020-05-19,415,3168,3583,215,23,33,248,57,39,11,6,198,131,3572,5.5,22,266,62,45,14
"74",2020-05-20,326,2771,3097,183,19,23,237,53,34,22,5.9,196,129,3445,5.7,21,259,60,43,15
"75",2020-05-21,374,3757,4131,168,25,15,244,54,30,20,4.1,186,123,3502,5.4,22,254,58,40,16
"76",2020-05-22,351,3161,3512,206,20,28,231,53,30,11,5.9,183,121,3455,5.4,21,250,57,38,15
"77",2020-05-23,253,2742,2995,109,19,11,236,53,33,13,3.6,163,108,3225,5.1,20,246,55,36,15
"78",2020-05-24,164,1370,1534,83,13,14,233,54,36,8,5.4,157,104,3015,5.3,20,242,55,35,15
"79",2020-05-25,147,1385,1532,77,14,14,233,54,34,10,5,149,98,2912,5.1,19,237,54,34,14
"80",2020-05-26,284,2620,2904,158,24,21,231,49,33,15,5.4,141,93,2815,5,19,235,53,33,14
"81",2020-05-27,276,2058,2334,132,20,18,230,51,33,10,5.7,133,88,2706,5,19,234,53,33,12
"82",2020-05-28,348,3359,3707,130,18,29,215,47,32,8,3.5,128,84,2645,4.9,18,230,52,33,11
"83",2020-05-29,410,3915,4325,175,19,26,201,43,31,12,4,123,82,2762,4.7,18,226,50,33,11
"84",2020-05-30,225,3915,4140,109,16,19,194,41,29,12,2.6,123,82,2925,4.5,18,220,48,33,11
"85",2020-05-31,155,1690,1845,78,11,12,192,44,26,3,4.2,123,81,2970,4.3,17,214,47,31,10
"86",2020-06-01,212,2792,3004,93,8,14,185,45,29,5,3.1,125,83,3180,4.1,17,207,46,30,9
"87",2020-06-02,273,3021,3294,98,8,9,181,38,25,10,3,116,77,3236,3.7,14,200,44,29,9
"88",2020-06-03,254,3486,3740,99,14,18,171,34,25,11,2.6,112,74,3436,3.3,13,191,42,28,9
"89",2020-06-04,276,4471,4747,107,7,26,148,31,24,12,2.3,108,72,3585,3.1,12,182,39,27,9
"90",2020-06-05,215,3513,3728,99,15,13,144,27,21,11,2.7,98,64,3500,2.9,11,174,37,26,9
"91",2020-06-06,201,2616,2817,67,10,7,145,29,19,6,2.4,92,61,3311,2.9,10,167,35,24,8
"92",2020-06-07,83,1625,1708,51,11,7,148,25,17,4,3,88,58,3291,2.7,10,160,33,23,8
"93",2020-06-08,119,1849,1968,45,15,13,148,27,18,4,2.3,81,53,3143,2.6,11,155,30,21,8
"94",2020-06-09,223,2674,2897,64,10,19,139,28,21,1,2.2,76,50,3086,2.5,12,149,29,21,7
"95",2020-06-10,209,2987,3196,101,13,12,138,24,17,4,3.2,76,50,3009,2.6,12,144,27,20,6
"96",2020-06-11,195,3514,3709,88,7,15,129,25,16,6,2.4,74,49,2860,2.6,12,142,26,18,5
"97",2020-06-12,209,4601,4810,78,9,16,121,24,16,2,1.6,71,47,3015,2.4,11,138,26,18,4
"98",2020-06-13,113,3036,3149,49,6,5,122,20,15,3,1.6,68,45,3062,2.3,10,135,25,17,3
"99",2020-06-14,81,2046,2127,33,7,8,120,20,14,3,1.6,65,43,3122,2.1,10,131,24,17,3
"100",2020-06-15,188,3107,3295,75,14,19,115,20,16,5,2.3,70,46,3312,2.1,9,126,23,16,3
"101",2020-06-16,110,3017,3127,50,11,9,116,22,16,8,1.6,68,45,3345,2,10,123,22,16,4
"102",2020-06-17,127,2835,2962,51,15,20,107,18,14,6,1.7,61,40,3311,1.8,10,119,21,15,5
"103",2020-06-18,149,3049,3198,70,9,15,100,19,16,7,2.2,58,38,3238,1.8,10,114,20,15,5
"104",2020-06-19,141,3769,3910,59,13,12,100,21,18,3,1.5,55,37,3110,1.8,11,111,20,16,5
"105",2020-06-20,84,1891,1975,36,8,11,97,21,19,4,1.8,53,35,2942,1.8,11,108,20,16,5
"106",2020-06-21,37,1064,1101,30,8,5,100,21,19,2,2.7,53,35,2795,2,11,105,20,17,5
"107",2020-06-22,138,3730,3868,65,12,17,95,20,19,2,1.7,52,34,2877,1.9,11,102,20,17,5
"108",2020-06-23,163,3831,3994,81,3,13,82,19,19,7,2,56,37,3001,1.9,10,97,20,18,4
"109",2020-06-24,120,3502,3622,45,9,10,80,19,19,5,1.2,55,36,3095,1.9,9,93,20,18,4
"110",2020-06-25,103,2883,2986,51,6,14,71,18,18,1,1.7,52,35,3065,1.8,8,89,20,19,3
"111",2020-06-26,94,2488,2582,60,2,10,63,19,19,1,2.3,53,35,2875,1.9,7,84,20,19,3
"112",2020-06-27,84,3216,3300,37,5,3,64,18,18,5,1.1,53,35,3065,1.8,6,79,19,19,3
"113",2020-06-28,39,1469,1508,17,4,4,60,16,15,6,1.1,51,34,3123,1.6,6,74,18,18,4
"114",2020-06-29,85,3696,3781,40,4,5,59,15,15,1,1.1,47,31,3110,1.5,5,68,18,18,4
"115",2020-06-30,58,1958,2016,33,1,5,54,13,12,4,1.6,40,27,2828,1.4,4,64,17,17,3
"116",2020-07-01,144,4099,4243,79,8,10,52,12,12,1,1.9,45,30,2917,1.5,4,60,16,16,3
"117",2020-07-02,103,2803,2906,59,5,5,51,11,11,3,2,46,31,2905,1.6,4,58,15,15,3
"118",2020-07-03,50,2079,2129,24,9,6,54,10,10,3,1.1,41,27,2840,1.4,5,56,14,13,3
"119",2020-07-04,57,2345,2402,33,2,4,51,11,10,2,1.4,41,27,2712,1.5,5,54,13,12,3
"120",2020-07-05,49,2932,2981,26,1,2,49,9,9,2,0.9,42,28,2923,1.4,4,53,12,11,2
"121",2020-07-06,101,2814,2915,57,6,6,49,10,10,4,2,44,29,2799,1.6,5,51,11,11,3
"122",2020-07-07,81,3458,3539,47,5,7,47,9,9,2,1.3,46,31,3016,1.5,5,50,10,10,2
"123",2020-07-08,105,3409,3514,64,4,2,49,10,9,0,1.8,44,29,2912,1.5,5,50,10,10,2
"124",2020-07-09,94,3714,3808,50,9,3,55,10,9,0,1.3,43,28,3041,1.4,5,51,10,9,2
"125",2020-07-10,132,4437,4569,80,6,3,56,8,7,3,1.8,51,34,3390,1.5,5,51,10,9,2
"126",2020-07-11,63,2938,3001,36,6,3,58,7,6,3,1.2,51,34,3475,1.5,5,52,9,8,2
"127",2020-07-12,47,1838,1885,34,1,3,55,7,5,3,1.8,53,35,3319,1.6,5,53,9,8,2
"128",2020-07-13,84,3209,3293,61,8,10,53,7,5,1,1.9,53,35,3373,1.6,6,53,8,7,2
"129",2020-07-14,74,3299,3373,44,7,4,56,5,5,1,1.3,53,35,3349,1.6,6,55,8,7,2
"130",2020-07-15,130,4181,4311,100,5,7,54,5,4,0,2.3,58,38,3463,1.7,6,55,7,6,2
"131",2020-07-16,103,3740,3843,76,6,9,51,6,5,1,2,62,41,3468,1.8,6,55,6,5,2
"132",2020-07-17,156,4239,4395,79,14,3,61,5,5,2,1.8,61,41,3443,1.8,7,55,6,5,2
"133",2020-07-18,85,3272,3357,70,5,9,56,5,4,4,2.1,66,44,3494,1.9,7,55,6,5,2
"134",2020-07-19,82,2696,2778,57,7,3,60,6,4,2,2.1,70,46,3621,1.9,7,56,6,5,2
"135",2020-07-20,71,2667,2738,68,9,7,62,7,5,2,2.5,71,47,3542,2,8,57,6,5,2
"136",2020-07-21,130,4304,4434,108,9,11,60,9,6,1,2.4,80,53,3694,2.2,8,58,6,5,2
"137",2020-07-22,130,3928,4058,86,7,8,58,7,6,1,2.1,78,51,3658,2.1,8,58,6,5,2
"138",2020-07-23,141,4414,4555,115,8,6,60,8,7,0,2.5,83,55,3759,2.2,8,60,7,5,2
"139",2020-07-24,172,5966,6138,119,15,12,63,9,7,0,1.9,89,59,4008,2.2,9,60,7,6,1
"140",2020-07-25,134,4398,4532,107,7,7,63,10,8,3,2.4,94,62,4176,2.3,9,61,8,6,1
"141",2020-07-26,62,3032,3094,54,8,9,62,11,7,1,1.7,94,62,4221,2.2,9,61,9,7,1
"142",2020-07-27,188,4191,4379,139,12,7,67,13,8,1,3.2,104,69,4456,2.3,9,62,10,7,1
"143",2020-07-28,105,3841,3946,95,5,5,67,14,7,1,2.4,102,67,4386,2.3,9,63,10,7,1
"144",2020-07-29,190,5140,5330,153,9,10,66,15,7,0,2.9,112,74,4568,2.4,9,64,11,7,1
"145",2020-07-30,121,4345,4466,96,6,2,69,15,6,1,2.1,109,72,4555,2.4,9,65,12,7,1
"146",2020-07-31,131,5512,5643,89,7,9,67,15,7,1,1.6,105,69,4484,2.3,8,66,13,7,1
"147",2020-08-01,109,4294,4403,89,7,2,72,14,7,1,2,102,67,4466,2.3,8,67,14,7,1
"148",2020-08-02,84,2804,2888,62,12,12,70,14,8,2,2.1,103,68,4436,2.3,8,68,14,7,1
"149",2020-08-03,188,5248,5436,150,11,10,71,16,7,1,2.8,105,69,4587,2.3,8,69,15,7,1
"150",2020-08-04,125,3691,3816,99,8,5,73,12,5,2,2.6,105,70,4569,2.3,9,70,14,7,1
"151",2020-08-05,147,5933,6080,119,11,9,74,10,5,2,2,101,66,4676,2.2,9,71,14,6,1
"152",2020-08-06,169,5546,5715,120,7,9,72,9,4,0,2.1,104,69,4854,2.2,9,71,13,6,1
"153",2020-08-07,123,4852,4975,87,12,9,74,9,3,2,1.7,104,69,4759,2.2,10,72,12,6,1
"154",2020-08-08,123,4113,4236,91,19,6,86,8,3,1,2.1,104,69,4735,2.2,11,74,11,5,1
"155",2020-08-09,42,1726,1768,35,6,8,84,9,4,0,2,100,66,4575,2.2,11,76,10,4,1
"156",2020-08-10,149,4586,4735,113,8,9,83,9,4,1,2.4,95,63,4475,2.1,10,78,9,4,1
"157",2020-08-11,106,4334,4440,92,5,13,75,10,4,3,2.1,94,62,4564,2.1,10,78,9,4,1
"158",2020-08-12,121,5190,5311,101,8,11,72,9,3,1,1.9,91,60,4454,2,9,78,9,4,1
"159",2020-08-13,135,4196,4331,95,13,12,73,11,3,0,2.2,88,58,4257,2.1,10,78,9,3,1
"160",2020-08-14,145,5499,5644,98,13,11,75,11,4,3,1.7,89,59,4352,2.1,10,78,10,4,1
"161",2020-08-15,106,4534,4640,87,9,11,72,11,5,0,1.9,89,59,4410,2,9,76,10,4,1
"162",2020-08-16,83,2476,2559,70,6,5,69,8,4,7,2.7,94,62,4523,2.1,9,74,10,4,2
"163",2020-08-17,106,4575,4681,87,8,6,71,8,5,2,1.9,90,59,4515,2.1,9,72,10,4,2
"164",2020-08-18,128,4912,5040,94,11,8,73,8,4,5,1.9,90,60,4601,2,10,72,9,4,3
"165",2020-08-19,113,5077,5190,90,8,9,71,9,5,0,1.7,89,59,4584,2,10,72,9,4,2
"166",2020-08-20,173,7410,7583,138,12,6,75,10,5,3,1.8,95,63,5048,1.9,10,72,9,5,3
"167",2020-08-21,152,6578,6730,125,8,5,77,9,4,2,1.9,99,65,5203,2,9,73,9,5,3
"168",2020-08-22,96,5551,5647,84,11,12,76,11,4,1,1.5,98,65,5347,1.9,9,73,9,4,3
"169",2020-08-23,72,4375,4447,56,11,6,81,12,2,1,1.3,96,64,5617,1.7,10,75,10,4,2
"170",2020-08-24,105,5784,5889,77,7,10,77,14,4,1,1.3,95,63,5789,1.6,10,76,10,4,2
"171",2020-08-25,108,4764,4872,92,10,4,82,12,4,1,1.9,95,62,5765,1.6,10,77,11,4,1
"172",2020-08-26,170,9482,9652,126,4,8,78,10,5,1,1.3,100,66,6403,1.6,9,78,11,4,1
"173",2020-08-27,91,8566,8657,70,6,13,70,7,5,2,0.8,90,59,6556,1.4,8,77,11,4,1
"174",2020-08-28,113,7993,8106,87,14,4,80,10,7,2,1.1,85,56,6753,1.3,9,78,11,4,1
"175",2020-08-29,65,5375,5440,51,6,8,77,11,6,2,0.9,80,53,6723,1.2,8,78,11,5,1
"176",2020-08-30,66,4323,4389,48,7,4,80,9,5,2,1.1,79,52,6715,1.2,8,78,10,5,2
"177",2020-08-31,105,4864,4969,81,12,16,76,8,4,1,1.6,79,52,6584,1.2,8,78,10,5,2
"178",2020-09-01,99,7109,7208,66,6,9,72,7,4,2,0.9,76,50,6917,1.1,8,76,9,5,2
"179",2020-09-02,125,10528,10653,104,9,10,70,8,4,2,1,72,48,7060,1.1,9,75,9,5,2
"180",2020-09-03,90,11080,11170,73,8,8,70,9,4,3,0.7,73,48,7419,1,9,75,9,5,2
"181",2020-09-04,103,8962,9065,82,11,4,77,9,4,1,0.9,72,48,7556,1,8,75,9,4,2
"182",2020-09-05,52,6307,6359,42,6,9,74,8,3,1,0.7,71,47,7688,1,8,74,8,4,2
"183",2020-09-06,88,4325,4413,65,4,8,69,6,3,1,1.5,73,48,7691,1,8,73,8,4,2
"184",2020-09-07,35,3002,3037,26,11,3,77,5,3,1,0.9,65,43,7415,0.9,8,73,7,4,2
"185",2020-09-08,74,6380,6454,66,6,12,70,6,3,2,1,65,43,7307,1,8,72,7,3,2
"186",2020-09-09,118,8650,8768,102,10,5,74,9,3,1,1.2,65,43,7038,1,8,73,7,3,1
"187",2020-09-10,164,11334,11498,111,9,8,75,10,3,1,1,71,47,7085,1,8,74,8,3,1
"188",2020-09-11,120,9455,9575,95,11,11,75,10,5,0,1,72,48,7158,1,8,73,8,3,1
"189",2020-09-12,110,6158,6268,97,8,5,76,9,5,3,1.5,80,53,7145,1.2,8,74,8,4,1
"190",2020-09-13,58,2717,2775,54,4,3,77,10,5,0,1.9,79,52,6911,1.2,8,75,8,4,1
"191",2020-09-14,104,6434,6538,96,6,3,78,10,5,2,1.5,89,59,7411,1.3,8,75,9,4,1
"192",2020-09-15,122,8456,8578,123,7,2,82,10,5,2,1.4,97,64,7714,1.4,8,77,10,4,1
"193",2020-09-16,137,9707,9844,117,7,7,80,9,6,5,1.2,99,65,7868,1.4,7,78,10,5,2
"194",2020-09-17,125,9228,9353,151,7,15,72,8,4,0,1.6,105,69,7562,1.4,7,77,9,5,2
"195",2020-09-18,132,10027,10159,131,7,7,71,11,6,2,1.3,110,73,7645,1.5,7,77,10,5,2
"196",2020-09-19,115,8292,8407,112,7,3,75,10,6,4,1.3,112,74,7951,1.5,6,76,10,5,2
"197",2020-09-20,60,3676,3736,49,7,6,74,9,8,4,1.3,111,74,8088,1.4,7,76,10,6,3
"198",2020-09-21,102,7007,7109,94,12,3,81,8,6,2,1.3,111,73,8169,1.3,8,76,9,6,3
"199",2020-09-22,154,9275,9429,124,12,3,89,7,5,1,1.3,111,73,8291,1.3,8,77,9,6,3
"200",2020-09-23,136,10637,10773,127,13,7,95,6,5,0,1.2,113,74,8424,1.3,9,80,8,6,2
"201",2020-09-24,120,12468,12588,118,7,8,93,7,5,1,0.9,108,71,8886,1.2,9,83,8,6,2
"202",2020-09-25,150,10546,10696,143,9,10,92,6,5,1,1.3,110,72,8963,1.2,10,86,8,6,2
"203",2020-09-26,147,10556,10703,120,12,8,95,6,5,1,1.1,111,73,9291,1.2,10,88,7,6,1
"204",2020-09-27,43,2764,2807,34,7,5,97,9,5,0,1.2,109,72,9158,1.2,10,92,7,5,1
"205",2020-09-28,156,7294,7450,137,7,7,95,7,5,2,1.8,115,76,9207,1.3,10,94,7,5,1
"206",2020-09-29,203,11034,11237,185,12,18,88,6,6,1,1.6,123,82,9465,1.3,10,94,7,5,1
"207",2020-09-30,223,12218,12441,189,6,6,88,6,6,1,1.5,132,87,9703,1.3,9,93,7,5,1
"208",2020-10-01,184,12492,12676,166,17,13,91,6,4,2,1.3,139,92,9716,1.4,10,92,7,5,1
"209",2020-10-02,209,12149,12358,183,14,13,91,8,5,2,1.5,145,96,9953,1.4,11,92,7,5,1
"210",2020-10-03,157,9304,9461,131,8,8,89,9,4,2,1.4,146,97,9776,1.5,10,91,7,5,1
"211",2020-10-04,81,2369,2450,77,11,9,90,8,5,2,3.1,153,101,9725,1.7,11,90,7,5,2
"212",2020-10-05,175,8963,9138,160,29,9,108,9,6,4,1.8,156,103,9966,1.7,14,92,7,5,2
"213",2020-10-06,189,11188,11377,187,11,4,115,11,7,0,1.6,156,103,9986,1.7,14,96,8,5,2
"214",2020-10-07,244,12443,12687,243,13,14,112,9,7,2,1.9,164,108,10021,1.8,15,99,9,5,2
"215",2020-10-08,283,15223,15506,275,17,13,114,7,5,4,1.8,179,119,10425,1.9,15,103,9,6,2
"216",2020-10-09,231,13729,13960,200,21,12,123,10,7,3,1.4,182,120,10654,1.9,16,107,9,6,2
"217",2020-10-10,232,13829,14061,192,19,10,131,13,7,2,1.4,191,126,11311,1.9,17,113,10,6,2
"218",2020-10-11,100,3264,3364,88,12,9,133,14,5,6,2.6,192,127,11442,1.8,17,119,10,6,3
"219",2020-10-12,170,6420,6590,157,19,15,135,14,5,5,2.4,192,127,11078,1.9,16,123,11,6,3
"220",2020-10-13,230,8518,8748,213,16,13,134,13,5,7,2.4,195,129,10702,2,17,126,11,6,4
"221",2020-10-14,351,15033,15384,304,17,7,144,15,5,2,2,204,135,11088,2,17,131,12,6,4
"222",2020-10-15,276,14627,14903,252,11,15,139,13,5,2,1.7,201,133,11001,2,16,134,13,6,4
"223",2020-10-16,291,15008,15299,276,13,18,133,13,4,2,1.8,212,140,11193,2,15,136,14,5,4
"224",2020-10-17,363,14062,14425,307,19,11,140,17,4,2,2.1,228,151,11245,2.1,15,137,14,5,4
"225",2020-10-18,155,4039,4194,125,18,11,147,17,6,2,3,233,154,11363,2.2,16,139,15,5,3
"226",2020-10-19,388,8493,8881,318,20,21,144,15,6,1,3.6,256,169,11691,2.4,16,140,15,5,3
"227",2020-10-20,440,13246,13686,383,23,17,150,14,8,4,2.8,281,185,12396,2.4,17,142,15,5,2
"228",2020-10-21,552,17462,18014,470,23,8,163,15,9,3,2.6,304,201,12772,2.5,18,145,15,6,2
"229",2020-10-22,542,15867,16409,485,24,20,164,14,9,3,3,338,223,12987,2.7,20,149,15,7,2
"230",2020-10-23,517,16638,17155,457,22,22,163,15,9,3,2.7,364,240,13252,2.8,21,153,15,7,3
"231",2020-10-24,361,10254,10615,338,17,11,169,14,8,1,3.2,368,243,12708,3,21,157,15,8,2
"232",2020-10-25,236,4765,5001,211,16,15,169,15,8,2,4.2,380,251,12823,3.2,21,160,15,8,2
"233",2020-10-26,456,9173,9629,401,28,15,180,18,8,3,4.2,392,259,12930,3.2,22,165,15,8,3
"234",2020-10-27,522,13996,14518,456,29,15,192,18,9,5,3.1,403,266,13049,3.3,23,171,16,9,3
"235",2020-10-28,469,15228,15697,410,25,26,190,17,9,3,2.6,394,260,12718,3.3,23,175,16,9,3
"236",2020-10-29,612,16262,16874,526,20,22,185,19,11,4,3.1,400,264,12784,3.3,22,178,17,9,3
"237",2020-10-30,565,14866,15431,471,21,21,180,19,9,5,3.1,402,266,12538,3.4,22,181,17,9,3
"238",2020-10-31,602,11821,12423,486,32,13,198,23,10,3,3.9,423,280,12796,3.5,24,185,18,9,4
"239",2020-11-01,330,5092,5422,275,22,15,204,27,13,4,5.1,432,286,12856,3.6,25,190,20,10,4
"240",2020-11-02,525,9935,10460,455,38,27,212,25,13,6,4.3,440,291,12975,3.6,27,194,21,11,4
"241",2020-11-03,601,13041,13642,529,33,25,219,25,13,1,3.9,450,298,12850,3.7,27,198,22,11,4
"242",2020-11-04,689,16106,16795,641,34,27,224,26,12,4,3.8,483,319,13007,3.9,29,203,23,12,4
"243",2020-11-05,768,16597,17365,682,46,35,234,25,14,4,3.9,506,334,13077,4,32,210,24,12,4
"244",2020-11-06,774,16029,16803,691,43,31,245,29,17,5,4.1,537,355,13273,4.1,35,219,26,13,4
"245",2020-11-07,603,13652,14255,574,34,25,253,32,18,1,4,550,363,13535,4.2,36,227,27,14,4
"246",2020-11-08,337,4168,4505,324,33,26,259,31,19,6,7.2,557,368,13404,4.5,37,235,28,15,4
"247",2020-11-09,809,9063,9872,764,39,33,263,29,18,3,7.7,601,397,13320,4.9,37,242,28,16,3
"248",2020-11-10,1058,12983,14041,982,45,36,272,32,18,6,7,665,440,13377,5.4,39,250,29,17,4
"249",2020-11-11,1096,19821,20917,1003,41,24,284,31,15,7,4.8,717,474,13965,5.5,40,259,30,17,5
"250",2020-11-12,898,13917,14815,812,39,31,289,29,15,5,5.5,736,486,13601,5.8,39,266,30,17,5
"251",2020-11-13,1190,16393,17583,1113,41,31,299,28,15,2,6.3,796,526,13713,6.1,39,274,30,17,4
"252",2020-11-14,802,13527,14329,738,42,26,310,26,13,10,5.2,819,541,13723,6.2,40,282,29,16,6
"253",2020-11-15,584,6178,6762,499,47,20,332,29,11,7,7.4,844,558,14046,6.3,42,293,29,15,6
"254",2020-11-16,748,9650,10398,673,56,39,346,27,13,5,6.5,831,549,14121,6.1,44,305,29,14,6
"255",2020-11-17,1569,18179,19748,1397,58,44,358,31,13,5,7.1,891,589,14936,6.1,46,317,29,14,6
"256",2020-11-18,1146,16079,17225,1020,39,38,354,30,15,7,5.9,893,590,14409,6.3,46,327,29,14,6
"257",2020-11-19,1139,13186,14325,1031,47,42,355,31,18,5,7.2,924,611,14339,6.5,47,336,29,14,6
"258",2020-11-20,1463,22228,23691,1295,49,48,353,34,14,6,5.5,950,628,15211,6.4,48,344,30,14,6
"259",2020-11-21,853,17381,18234,754,43,34,357,36,14,7,4.1,953,630,15769,6.2,48,351,31,14,6
"260",2020-11-22,573,7525,8098,485,64,27,390,34,15,11,6,951,628,15960,6,51,359,32,15,7
"261",2020-11-23,998,11035,12033,890,74,39,425,41,18,10,7.4,982,649,16193,6.2,53,370,34,15,7
"262",2020-11-24,1054,14580,15634,937,47,60,406,43,22,10,6,916,605,15606,6,52,377,36,17,8
"263",2020-11-25,1269,18806,20075,1177,59,60,401,44,26,7,5.9,938,620,16013,6,55,384,38,18,8
"264",2020-11-26,553,6489,7042,471,51,35,413,47,25,12,6.7,858,567,14972,5.9,55,392,40,19,9
"265",2020-11-27,1044,9725,10769,970,55,49,412,48,22,7,9,812,537,13126,6.4,56,401,42,20,9
"266",2020-11-28,1192,11963,13155,1098,64,39,437,49,22,3,8.3,861,569,12401,7,59,412,44,21,9
"267",2020-11-29,828,6935,7763,755,62,36,460,50,24,8,9.7,900,595,12353,7.6,59,422,46,23,8
"268",2020-11-30,1294,9933,11227,1160,66,58,466,53,30,6,10.3,938,620,12238,8,58,428,48,24,8
"269",2020-12-01,1567,14023,15590,1422,61,55,468,52,31,12,9.1,1008,666,12232,8.4,60,437,49,26,8
"270",2020-12-02,1572,15522,17094,1435,56,52,465,53,30,14,8.4,1044,690,11806,8.8,59,446,50,26,9
"271",2020-12-03,1776,14625,16401,1634,65,77,448,49,31,11,10,1211,800,13143,9.3,61,451,51,27,9
"272",2020-12-04,1656,16510,18166,1520,72,50,463,46,29,11,8.4,1289,852,14199,9.2,64,458,50,28,9
"273",2020-12-05,1200,12613,13813,1066,71,42,488,48,29,12,7.7,1285,849,14293,9.1,65,465,50,29,11
"274",2020-12-06,1127,7849,8976,977,65,49,494,49,25,14,10.9,1316,870,14467,9.3,65,470,50,29,11
"275",2020-12-07,1397,10704,12101,1247,74,57,505,47,25,21,10.3,1329,878,14592,9.3,66,476,49,29,14
"276",2020-12-08,1466,15324,16790,1310,61,58,503,52,29,17,7.8,1313,867,14763,9.1,66,481,49,28,14
"277",2020-12-09,1500,16357,17857,1341,59,63,490,49,31,12,7.5,1299,859,14872,8.9,67,484,49,28,14
"278",2020-12-10,1475,17281,18756,1253,65,59,489,56,30,20,6.7,1245,823,15208,8.5,67,490,50,28,15
"279",2020-12-11,1490,17392,18882,1294,70,82,470,62,33,17,6.9,1213,801,15311,8.3,66,491,52,29,16
"280",2020-12-12,1123,13074,14197,934,66,55,472,55,32,16,6.6,1194,789,15366,8.1,66,489,53,29,17
"281",2020-12-13,673,7159,7832,555,75,41,492,56,30,25,7.1,1133,749,15202,7.6,67,489,54,30,18
"282",2020-12-14,1318,11247,12565,1139,85,63,504,66,32,14,9.1,1118,739,15268,7.4,69,489,57,31,17
"283",2020-12-15,1270,15133,16403,1058,72,57,514,63,32,13,6.5,1082,715,15213,7.2,70,490,58,31,17
"284",2020-12-16,1281,19138,20419,1076,58,73,488,62,34,18,5.3,1044,690,15579,6.9,70,490,60,32,18
"285",2020-12-17,483,8773,9256,432,49,57,472,61,34,15,4.7,927,612,14222,6.6,68,487,61,32,17
"286",2020-12-18,1114,13649,14763,936,57,67,451,61,35,14,6.3,876,579,13634,6.5,66,485,61,33,16
"287",2020-12-19,1317,16376,17693,1083,60,41,461,62,40,18,6.1,897,593,14133,6.4,65,483,62,34,17
"288",2020-12-20,537,6826,7363,438,60,42,471,63,43,14,5.9,880,582,14066,6.3,63,480,63,36,15
"289",2020-12-21,1108,12163,13271,932,75,54,485,57,40,11,7,851,562,14167,6,62,477,61,37,15
"290",2020-12-22,1079,16604,17683,929,54,81,448,57,40,17,5.3,832,550,14350,5.8,59,468,60,38,15
"291",2020-12-23,1092,19917,21009,953,63,65,441,63,41,9,4.5,815,538,14434,5.7,60,461,61,39,14
"292",2020-12-24,1076,17039,18115,892,52,56,431,66,44,15,4.9,880,582,15700,5.7,60,455,61,40,14
"293",2020-12-25,306,3395,3701,244,51,26,443,63,45,17,6.6,782,516,14119,5.8,59,454,62,42,14
"294",2020-12-26,945,10663,11608,814,58,42,454,66,54,10,7,743,491,13250,5.9,59,453,62,44,13
"295",2020-12-27,791,7566,8357,691,45,22,469,67,51,11,8.3,779,515,13392,6.2,57,453,63,45,13
"296",2020-12-28,1499,12164,13663,1288,56,44,476,71,50,14,9.4,830,549,13448,6.6,54,452,65,46,13
"297",2020-12-29,1354,13786,15140,1219,60,58,472,69,53,17,8.1,872,576,13085,7,55,455,66,48,13
"298",2020-12-30,1540,20032,21572,1353,60,56,471,65,49,11,6.3,929,614,13165,7.2,55,459,67,49,14
"299",2020-12-31,1009,13994,15003,877,57,60,454,59,44,19,5.8,927,612,12721,7.4,55,463,66,49,14
"300",2021-01-01,928,10823,11751,807,52,47,450,59,46,14,6.9,1007,665,13871,7.4,55,464,65,50,14
"301",2021-01-02,1027,9835,10862,901,51,33,463,58,42,13,8.3,1019,674,13764,7.6,54,465,64,48,14
"302",2021-01-03,758,8247,9005,651,40,41,453,60,42,17,7.2,1014,670,13857,7.4,54,463,63,47,15
"303",2021-01-04,1263,11846,13109,1128,68,60,449,64,42,18,8.6,991,655,13777,7.3,55,459,62,45,16
"304",2021-01-05,1883,19200,21083,1623,60,58,444,63,41,12,7.7,1049,693,14626,7.3,55,455,61,44,15
"305",2021-01-06,1373,18321,19694,1221,60,61,431,58,39,17,6.2,1030,680,14358,7.2,55,449,60,42,16
"306",2021-01-07,1261,17417,18678,1121,50,56,421,56,37,10,6,1065,703,14883,7.3,54,444,60,41,14
"307",2021-01-08,1422,20465,21887,1242,57,52,420,53,36,12,5.7,1127,745,16331,7.1,55,440,59,40,14
"308",2021-01-09,1284,17323,18607,1085,65,39,440,51,33,14,5.8,1153,762,17438,6.7,57,437,58,39,14
"309",2021-01-10,739,8779,9518,661,45,40,440,54,34,12,6.9,1154,763,17511,6.7,58,435,57,37,14
"310",2021-01-11,1015,13398,14413,893,66,52,445,53,36,21,6.2,1121,741,17697,6.4,58,434,55,37,14
"311",2021-01-12,1118,18332,19450,948,64,79,422,55,37,13,4.9,1024,677,17464,6,58,431,54,36,14
"312",2021-01-13,1032,19951,20983,879,67,57,427,55,37,11,4.2,976,645,17648,5.7,59,431,54,36,13
"313",2021-01-14,1145,20546,21691,996,64,60,426,57,40,10,4.6,958,633,18078,5.5,61,431,54,36,13
"314",2021-01-15,1098,17519,18617,945,62,75,405,55,38,16,5.1,915,605,17611,5.4,62,429,54,36,14
"315",2021-01-16,921,16681,17602,769,57,52,407,57,41,15,4.4,870,575,17468,5.2,61,425,55,38,14
"316",2021-01-17,626,10064,10690,515,47,41,409,55,40,7,4.8,849,561,17635,4.9,61,420,55,38,13
"317",2021-01-18,556,8769,9325,469,60,42,419,54,38,17,5,789,521,16908,4.7,60,416,55,39,13
"318",2021-01-19,951,18619,19570,851,70,62,418,56,38,11,4.3,775,512,16925,4.6,61,416,56,39,12
"319",2021-01-20,969,22609,23578,849,50,70,387,50,32,24,3.6,771,509,17296,4.5,59,410,55,38,14
"320",2021-01-21,1183,24182,25365,1008,55,59,378,50,30,9,4,772,510,17821,4.5,57,403,54,37,14
"321",2021-01-22,873,19821,20694,755,55,59,364,53,32,14,3.6,745,492,18118,4.2,56,397,54,36,14
"322",2021-01-23,910,19073,19983,775,58,33,386,58,33,8,3.9,746,493,18458,4.2,56,394,54,35,13
"323",2021-01-24,405,8969,9374,339,46,46,377,58,36,16,3.6,721,476,18270,4,56,390,54,34,14
"324",2021-01-25,804,13324,14128,692,49,57,364,58,37,13,4.9,753,497,18956,4,55,382,55,34,14
"325",2021-01-26,725,19954,20679,643,50,48,357,55,34,10,3.1,723,478,19114,3.8,52,373,55,33,13
"326",2021-01-27,846,21738,22584,718,50,58,346,57,31,6,3.2,704,465,18972,3.8,52,367,56,33,11
"327",2021-01-28,765,22479,23244,647,34,35,341,53,29,13,2.8,653,431,18669,3.6,49,362,56,33,11
"328",2021-01-29,672,20047,20719,597,42,54,325,55,32,7,2.9,630,416,18673,3.5,47,357,56,33,10
"329",2021-01-30,693,16277,16970,589,40,31,330,50,29,7,3.5,604,399,18243,3.4,44,349,55,33,10
"330",2021-01-31,361,8362,8723,319,36,36,328,45,25,6,3.7,601,397,18150,3.4,43,342,53,31,9
"331",2021-02-01,237,7281,7518,203,34,38,317,43,22,11,2.7,531,351,17205,3.1,41,335,51,29,9
"332",2021-02-02,602,14759,15361,540,47,48,311,47,23,13,3.5,516,341,16446,3.2,40,328,50,27,9
"333",2021-02-03,751,24355,25106,657,48,46,308,46,21,12,2.6,507,335,16806,3.1,40,323,48,26,10
"334",2021-02-04,708,23380,24088,615,36,51,293,47,21,4,2.6,503,332,16926,3.1,40,316,48,25,9
"335",2021-02-05,613,19998,20611,522,25,41,274,50,22,6,2.5,492,325,16911,3,38,309,47,23,8
"336",2021-02-06,414,15151,15565,364,27,28,270,51,21,7,2.3,460,304,16710,2.8,36,300,47,22,8
"337",2021-02-07,240,4712,4952,191,26,23,266,48,22,9,3.9,442,292,16172,2.9,35,291,47,22,9
"338",2021-02-08,387,12906,13293,333,21,30,256,45,22,8,2.5,460,304,16997,2.8,33,283,48,22,8
"339",2021-02-09,565,17824,18389,497,34,37,250,47,23,7,2.7,454,300,17429,2.7,31,274,48,22,8
"340",2021-02-10,551,23596,24147,471,30,43,232,43,21,9,2,428,283,17292,2.6,28,263,47,22,7
"341",2021-02-11,479,20863,21342,408,30,36,222,41,22,10,1.9,398,263,16900,2.5,28,253,46,22,8
"342",2021-02-12,447,20587,21034,376,17,27,210,40,20,5,1.8,377,249,16960,2.4,26,244,45,22,8
"343",2021-02-13,387,14061,14448,328,19,32,193,37,18,7,2.3,372,246,16801,2.4,25,233,43,21,8
"344",2021-02-14,266,6579,6845,233,24,15,202,36,21,2,3.4,378,250,17071,2.4,25,224,41,21,7
"345",2021-02-15,330,10924,11254,300,29,27,201,31,20,2,2.7,373,247,16780,2.4,26,216,39,21,6
"346",2021-02-16,466,19910,20376,397,20,38,180,32,18,7,1.9,359,237,17064,2.3,24,206,37,20,6
"347",2021-02-17,373,17551,17924,320,NA,NA,NA,NA,NA,1,1.8,337,223,16175,2.3,NA,NA,NA,NA,5
