"date","cases","Avg7Day_Cases","Last7Days_100k","tests","Avg7Day_Tests","posTest","negTest","percentPos","Avg7Day_Pos","admissions","Avg7Day_Adm","currentHosp","Avg7Day_Hosp","ICU","Avg7Day_ICU","vent","Avg7Day_Vent","dailyDeaths","Avg7Day_Deaths","firstOfTwoPriorDay","johnsonPriorDay","secondPriorDay","totalDoses_PriorDay","Avg7Day_totalDoses","cumulativeFirstOnly","cumulativeSecond","cumulativeJohnson"
2020-03-08,0,NA,NA,18,NA,0,18,0,NA,0,NA,3,NA,2,NA,1,NA,0,NA,NA,NA,NA,NA,NA,NA,0,NA
2020-03-09,1,NA,NA,16,NA,1,15,6.2,NA,0,NA,3,NA,2,NA,1,NA,0,NA,NA,NA,NA,NA,NA,NA,0,NA
2020-03-10,1,NA,NA,27,NA,2,25,3.7,NA,0,NA,3,NA,2,NA,1,NA,0,NA,NA,NA,NA,NA,NA,NA,0,NA
2020-03-11,0,NA,NA,34,NA,0,34,0,NA,1,NA,4,NA,1,NA,1,NA,0,NA,NA,NA,NA,NA,NA,NA,0,NA
2020-03-12,7,NA,NA,50,NA,9,41,14,NA,1,NA,5,NA,1,NA,1,NA,0,NA,NA,NA,NA,NA,NA,NA,0,NA
2020-03-13,6,NA,NA,56,NA,6,50,10.7,NA,4,NA,8,NA,1,NA,1,NA,0,NA,NA,NA,NA,NA,NA,NA,0,NA
2020-03-14,0,2,1,90,42,0,90,0,4.9,0,1,8,5,1,1,1,1,0,0,NA,NA,NA,NA,NA,NA,0,NA
2020-03-15,1,2,2,55,47,1,54,1.8,5.2,1,1,9,6,2,1,1,1,0,0,NA,NA,NA,NA,NA,NA,0,NA
2020-03-16,3,3,2,97,58,2,95,3.1,4.8,2,1,11,7,2,1,0,1,0,0,NA,NA,NA,NA,NA,NA,0,NA
2020-03-17,12,4,3,174,79,12,162,6.9,5.2,6,2,17,9,2,1,0,1,0,0,NA,NA,NA,NA,NA,NA,0,NA
2020-03-18,11,6,4,125,92,9,116,8.8,6.5,3,2,20,11,2,2,0,1,0,0,NA,NA,NA,NA,NA,NA,0,NA
2020-03-19,17,7,5,277,125,15,262,6.1,5.3,2,3,21,13,3,2,0,0,1,0,NA,NA,NA,NA,NA,NA,0,NA
2020-03-20,13,8,5,210,147,13,197,6.2,4.7,5,3,26,16,4,2,0,0,0,0,NA,NA,NA,NA,NA,NA,0,NA
2020-03-21,14,10,7,138,154,12,126,10.1,6.1,3,3,27,19,5,3,0,0,0,0,NA,NA,NA,NA,NA,NA,0,NA
2020-03-22,25,14,9,309,190,27,282,8.1,7,2,3,29,22,5,3,0,0,0,0,NA,NA,NA,NA,NA,NA,0,NA
2020-03-23,16,15,10,183,202,14,169,8.7,7.8,15,5,43,26,9,4,3,0,0,0,NA,NA,NA,NA,NA,NA,0,NA
2020-03-24,19,16,11,262,215,20,242,7.3,7.9,8,5,51,31,10,5,5,1,0,0,NA,NA,NA,NA,NA,NA,0,NA
2020-03-25,28,19,12,208,227,26,182,13.5,8.6,4,6,54,36,11,7,4,2,0,0,NA,NA,NA,NA,NA,NA,0,NA
2020-03-26,41,22,15,216,218,35,181,19,10.4,9,7,58,41,14,8,5,2,0,0,NA,NA,NA,NA,NA,NA,0,NA
2020-03-27,32,25,17,241,222,27,214,13.3,11.4,9,7,65,47,16,10,6,3,2,0,NA,NA,NA,NA,NA,NA,0,NA
2020-03-28,65,32,21,319,248,59,260,20.4,12.9,11,8,73,53,15,11,6,4,1,0,NA,NA,NA,NA,NA,NA,0,NA
2020-03-29,105,44,29,450,268,100,350,23.3,15.1,8,9,77,60,18,13,8,5,2,1,NA,NA,NA,NA,NA,NA,0,NA
2020-03-30,80,53,35,284,283,62,222,28.2,17.9,19,10,91,67,19,15,11,6,3,1,NA,NA,NA,NA,NA,NA,0,NA
2020-03-31,73,61,40,440,308,71,369,16.6,19.2,11,10,94,73,21,16,13,8,2,1,NA,NA,NA,NA,NA,NA,0,NA
2020-04-01,100,71,47,797,392,99,698,12.5,19,18,12,105,80,29,19,15,9,1,2,NA,NA,NA,NA,NA,NA,0,NA
2020-04-02,62,74,49,529,437,52,477,11.7,18,22,14,119,89,35,22,21,11,4,2,NA,NA,NA,NA,NA,NA,0,NA
2020-04-03,99,83,55,882,529,108,774,11.2,17.7,23,16,135,99,42,26,25,14,3,2,NA,NA,NA,NA,NA,NA,0,NA
2020-04-04,138,94,62,803,598,143,660,17.2,17.2,22,18,148,110,40,29,29,17,9,3,NA,NA,NA,NA,NA,NA,0,NA
2020-04-05,181,105,69,1343,725,187,1156,13.5,15.8,20,19,158,121,43,33,35,21,2,3,NA,NA,NA,NA,NA,NA,0,NA
2020-04-06,206,123,81,1924,960,218,1706,10.7,13.3,26,20,177,134,47,37,39,25,7,4,NA,NA,NA,NA,NA,NA,0,NA
2020-04-07,260,149,99,1913,1170,284,1629,13.6,12.9,19,21,191,148,49,41,41,29,5,4,NA,NA,NA,NA,NA,NA,0,NA
2020-04-08,271,174,115,2010,1343,290,1720,13.5,13.1,18,21,196,161,49,44,37,32,10,6,NA,NA,NA,NA,NA,NA,0,NA
2020-04-09,277,205,135,1799,1525,283,1516,15.4,13.6,32,23,216,174,53,46,40,35,7,6,NA,NA,NA,NA,NA,NA,0,NA
2020-04-10,400,248,164,2994,1827,419,2575,13.4,13.9,29,24,223,187,59,49,41,37,11,7,NA,NA,NA,NA,NA,NA,0,NA
2020-04-11,280,268,177,2203,2027,298,1905,12.7,13.3,29,25,239,200,61,52,48,40,12,8,NA,NA,NA,NA,NA,NA,0,NA
2020-04-12,286,283,187,1985,2118,315,1670,14.4,13.4,35,27,257,214,59,54,49,42,9,9,NA,NA,NA,NA,NA,NA,0,NA
2020-04-13,187,280,185,1096,2000,161,935,17.1,14.3,35,28,276,228,64,56,54,44,9,9,NA,NA,NA,NA,NA,NA,0,NA
2020-04-14,261,280,185,2077,2023,290,1787,12.6,14.2,27,29,280,241,72,60,53,46,8,9,NA,NA,NA,NA,NA,NA,0,NA
2020-04-15,306,285,189,2149,2043,350,1799,14.2,14.3,30,31,288,254,72,63,54,48,17,10,NA,NA,NA,NA,NA,NA,0,NA
2020-04-16,384,301,199,2941,2206,447,2494,13.1,13.9,34,31,293,265,72,66,53,50,14,11,NA,NA,NA,NA,NA,NA,0,NA
2020-04-17,291,285,188,2126,2082,304,1822,13.7,14,31,32,297,276,66,67,45,51,21,13,NA,NA,NA,NA,NA,NA,0,NA
2020-04-18,285,286,189,2046,2060,321,1725,13.9,14.1,26,31,301,285,63,67,49,51,15,13,NA,NA,NA,NA,NA,NA,0,NA
2020-04-19,337,293,194,2427,2123,381,2046,13.9,14.1,23,29,297,290,65,68,55,52,11,14,NA,NA,NA,NA,NA,NA,0,NA
2020-04-20,375,320,211,2301,2295,394,1907,16.3,14,45,31,312,295,75,69,56,52,10,14,NA,NA,NA,NA,NA,NA,0,NA
2020-04-21,383,337,223,2554,2363,444,2110,15,14.3,44,33,320,301,72,69,56,53,18,15,NA,NA,NA,NA,NA,NA,0,NA
2020-04-22,380,348,230,2808,2458,418,2390,13.5,14.2,40,35,324,306,73,69,58,53,18,15,NA,NA,NA,NA,NA,NA,0,NA
2020-04-23,411,352,232,2948,2459,479,2469,13.9,14.3,31,34,323,311,76,70,62,54,15,15,NA,NA,NA,NA,NA,NA,0,NA
2020-04-24,405,368,243,3775,2694,491,3284,10.7,13.9,35,35,327,315,85,73,63,57,15,15,NA,NA,NA,NA,NA,NA,0,NA
2020-04-25,299,370,244,2599,2773,393,2206,11.5,13.5,34,36,339,320,85,76,62,59,14,14,NA,NA,NA,NA,NA,NA,0,NA
2020-04-26,274,361,239,2625,2801,316,2309,10.4,13,33,37,354,328,86,79,59,59,14,15,NA,NA,NA,NA,NA,NA,0,NA
2020-04-27,206,337,223,1869,2740,249,1620,11,12.3,28,35,358,335,86,80,61,60,10,15,NA,NA,NA,NA,NA,NA,0,NA
2020-04-28,330,329,218,2673,2757,410,2263,12.3,11.9,43,35,375,343,88,83,59,61,22,15,NA,NA,NA,NA,NA,NA,0,NA
2020-04-29,371,328,217,3819,2901,476,3343,9.7,11.4,35,34,361,348,78,83,53,60,18,15,NA,NA,NA,NA,NA,NA,0,NA
2020-04-30,350,319,211,3201,2937,432,2769,10.9,10.9,30,34,351,352,83,84,58,59,24,17,NA,NA,NA,NA,NA,NA,0,NA
2020-05-01,323,308,203,3540,2904,454,3086,9.1,10.7,49,36,362,357,84,84,59,59,14,17,NA,NA,NA,NA,NA,NA,0,NA
2020-05-02,193,292,193,2183,2844,257,1926,8.8,10.3,34,36,354,359,94,86,64,59,24,18,NA,NA,NA,NA,NA,NA,0,NA
2020-05-03,183,279,185,2443,2818,283,2160,7.5,9.9,30,36,351,359,91,86,62,59,21,19,NA,NA,NA,NA,NA,NA,0,NA
2020-05-04,290,291,193,2485,2906,387,2098,11.7,10,29,36,344,357,89,87,59,59,18,20,NA,NA,NA,NA,NA,NA,0,NA
2020-05-05,300,287,190,3306,2997,433,2873,9.1,9.5,24,33,335,351,83,86,56,59,16,19,NA,NA,NA,NA,NA,NA,0,NA
2020-05-06,339,283,187,3318,2925,488,2830,10.2,9.6,26,32,310,344,81,86,56,59,21,20,NA,NA,NA,NA,NA,NA,0,NA
2020-05-07,270,271,179,3394,2953,425,2969,8,9.2,32,32,297,336,73,85,54,59,21,19,NA,NA,NA,NA,NA,NA,0,NA
2020-05-08,229,258,170,2957,2869,359,2598,7.7,9,29,29,293,326,73,83,55,58,22,20,NA,NA,NA,NA,NA,NA,0,NA
2020-05-09,288,271,179,3813,3102,467,3346,7.6,8.8,19,27,290,317,71,80,53,56,15,19,NA,NA,NA,NA,NA,NA,0,NA
2020-05-10,190,272,180,2402,3096,285,2117,7.9,8.9,18,25,281,307,72,77,51,55,14,18,NA,NA,NA,NA,NA,NA,0,NA
2020-05-11,173,256,169,2114,3043,257,1857,8.2,8.4,30,25,290,299,73,75,51,54,15,18,NA,NA,NA,NA,NA,NA,0,NA
2020-05-12,225,245,162,2998,2999,387,2611,7.5,8.2,23,25,291,293,71,73,50,53,22,19,NA,NA,NA,NA,NA,NA,0,NA
2020-05-13,199,225,149,3983,3094,351,3632,5,7.4,23,25,288,290,71,72,51,52,13,17,NA,NA,NA,NA,NA,NA,0,NA
2020-05-14,233,220,145,3736,3143,329,3407,6.2,7.2,18,23,277,287,66,71,47,51,15,17,NA,NA,NA,NA,NA,NA,0,NA
2020-05-15,232,220,145,3838,3269,381,3457,6,6.9,24,22,256,282,63,70,47,50,14,15,NA,NA,NA,NA,NA,NA,0,NA
2020-05-16,247,214,142,4605,3382,449,4156,5.4,6.6,25,23,261,278,62,68,47,49,15,15,NA,NA,NA,NA,NA,NA,0,NA
2020-05-17,126,205,135,3008,3469,240,2768,4.2,6.1,17,23,264,275,60,67,46,48,10,15,NA,NA,NA,NA,NA,NA,0,NA
2020-05-18,134,199,132,2251,3488,250,2001,6,5.8,18,21,262,271,58,64,41,47,18,15,NA,NA,NA,NA,NA,NA,0,NA
2020-05-19,215,198,131,3583,3572,415,3168,6,5.5,23,21,247,265,57,62,39,45,11,14,NA,NA,NA,NA,NA,NA,0,NA
2020-05-20,183,196,129,3097,3445,326,2771,5.9,5.7,19,21,236,258,53,60,34,43,22,15,NA,NA,NA,NA,NA,NA,0,NA
2020-05-21,168,186,123,4131,3502,374,3757,4.1,5.4,25,22,243,253,54,58,30,41,20,16,NA,NA,NA,NA,NA,NA,0,NA
2020-05-22,206,183,121,3512,3455,351,3161,5.9,5.4,20,21,230,249,53,57,30,38,11,15,NA,NA,NA,NA,NA,NA,0,NA
2020-05-23,109,163,108,2995,3225,253,2742,3.6,5.1,19,20,235,245,53,55,33,36,13,15,NA,NA,NA,NA,NA,NA,0,NA
2020-05-24,84,157,104,1534,3015,164,1370,5.5,5.3,13,20,232,241,54,55,36,35,8,15,NA,NA,NA,NA,NA,NA,0,NA
2020-05-25,77,149,98,1532,2912,147,1385,5,5.1,14,19,232,236,54,54,34,34,10,14,NA,NA,NA,NA,NA,NA,0,NA
2020-05-26,158,141,93,2904,2815,284,2620,5.4,5.1,24,19,230,234,49,53,33,33,15,14,NA,NA,NA,NA,NA,NA,0,NA
2020-05-27,132,133,88,2334,2706,276,2058,5.7,5,20,19,229,233,51,53,33,33,10,12,NA,NA,NA,NA,NA,NA,0,NA
2020-05-28,130,128,85,3707,2645,348,3359,3.5,4.9,16,18,214,229,47,52,32,33,8,11,NA,NA,NA,NA,NA,NA,0,NA
2020-05-29,175,124,82,4325,2762,410,3915,4,4.7,19,18,200,225,43,50,31,33,12,11,NA,NA,NA,NA,NA,NA,0,NA
2020-05-30,109,124,82,4140,2925,225,3915,2.6,4.5,16,17,193,219,41,48,29,33,12,11,NA,NA,NA,NA,NA,NA,0,NA
2020-05-31,78,123,81,1845,2970,155,1690,4.2,4.3,11,17,191,213,44,47,26,31,3,10,NA,NA,NA,NA,NA,NA,0,NA
2020-06-01,93,125,83,3004,3180,212,2792,3.1,4.1,8,16,185,206,45,46,29,30,5,9,NA,NA,NA,NA,NA,NA,0,NA
2020-06-02,98,116,77,3294,3236,273,3021,3,3.7,8,14,181,199,38,44,25,29,10,9,NA,NA,NA,NA,NA,NA,0,NA
2020-06-03,99,112,74,3741,3437,254,3487,2.6,3.3,13,13,171,191,34,42,25,28,11,9,NA,NA,NA,NA,NA,NA,0,NA
2020-06-04,107,108,72,4746,3585,276,4470,2.3,3.1,7,12,148,181,31,39,24,27,12,9,NA,NA,NA,NA,NA,NA,0,NA
2020-06-05,99,98,64,3728,3500,215,3513,2.7,2.9,15,11,144,173,27,37,21,26,11,9,NA,NA,NA,NA,NA,NA,0,NA
2020-06-06,67,92,61,2817,3311,201,2616,2.4,2.9,9,10,145,166,29,35,19,24,6,8,NA,NA,NA,NA,NA,NA,0,NA
2020-06-07,50,88,58,1708,3291,83,1625,2.9,2.7,11,10,148,160,25,33,17,23,4,8,NA,NA,NA,NA,NA,NA,0,NA
2020-06-08,44,81,53,1968,3143,119,1849,2.2,2.6,15,11,148,155,27,30,18,21,4,8,NA,NA,NA,NA,NA,NA,0,NA
2020-06-09,64,76,50,2897,3086,223,2674,2.2,2.5,10,11,139,149,28,29,21,21,1,7,NA,NA,NA,NA,NA,NA,0,NA
2020-06-10,101,76,50,3196,3009,209,2987,3.2,2.6,13,11,138,144,24,27,17,20,4,6,NA,NA,NA,NA,NA,NA,0,NA
2020-06-11,88,73,48,3709,2860,195,3514,2.4,2.6,6,11,129,142,25,26,16,18,6,5,NA,NA,NA,NA,NA,NA,0,NA
2020-06-12,78,70,46,4810,3015,209,4601,1.6,2.4,9,10,121,138,24,26,16,18,2,4,NA,NA,NA,NA,NA,NA,0,NA
2020-06-13,49,68,45,3149,3062,113,3036,1.6,2.3,6,10,122,135,20,25,15,17,3,3,NA,NA,NA,NA,NA,NA,0,NA
2020-06-14,33,65,43,2127,3122,81,2046,1.6,2.1,7,9,120,131,20,24,14,17,3,3,NA,NA,NA,NA,NA,NA,0,NA
2020-06-15,75,70,46,3295,3312,188,3107,2.3,2.1,14,9,115,126,20,23,16,16,5,3,NA,NA,NA,NA,NA,NA,0,NA
2020-06-16,50,68,45,3127,3345,110,3017,1.6,2,11,9,116,123,22,22,16,16,8,4,NA,NA,NA,NA,NA,NA,0,NA
2020-06-17,51,61,40,2962,3311,127,2835,1.7,1.8,15,10,107,119,18,21,14,15,6,5,NA,NA,NA,NA,NA,NA,0,NA
2020-06-18,70,58,38,3198,3238,149,3049,2.2,1.8,9,10,100,114,19,20,16,15,7,5,NA,NA,NA,NA,NA,NA,0,NA
2020-06-19,59,55,37,3910,3110,141,3769,1.5,1.8,13,11,100,111,21,20,18,16,3,5,NA,NA,NA,NA,NA,NA,0,NA
2020-06-20,36,53,35,1975,2942,84,1891,1.8,1.8,8,11,97,108,21,20,19,16,4,5,NA,NA,NA,NA,NA,NA,0,NA
2020-06-21,30,53,35,1101,2795,37,1064,2.7,2,8,11,100,105,21,20,19,17,2,5,NA,NA,NA,NA,NA,NA,0,NA
2020-06-22,65,52,34,3868,2877,138,3730,1.7,1.9,11,11,95,102,20,20,19,17,2,5,NA,NA,NA,NA,NA,NA,0,NA
2020-06-23,81,56,37,3994,3001,163,3831,2,1.9,3,10,82,97,19,20,19,18,7,4,NA,NA,NA,NA,NA,NA,0,NA
2020-06-24,45,55,36,3622,3095,120,3502,1.2,1.9,9,9,80,93,19,20,19,18,5,4,NA,NA,NA,NA,NA,NA,0,NA
2020-06-25,51,52,35,2986,3065,103,2883,1.7,1.8,6,8,71,89,18,20,18,19,1,3,NA,NA,NA,NA,NA,NA,0,NA
2020-06-26,60,53,35,2582,2875,94,2488,2.3,1.9,2,7,63,84,19,20,19,19,1,3,NA,NA,NA,NA,NA,NA,0,NA
2020-06-27,37,53,35,3300,3065,84,3216,1.1,1.8,5,6,64,79,18,19,18,19,5,3,NA,NA,NA,NA,NA,NA,0,NA
2020-06-28,17,51,34,1508,3123,39,1469,1.1,1.6,4,6,60,74,16,18,15,18,6,4,NA,NA,NA,NA,NA,NA,0,NA
2020-06-29,40,47,31,3781,3110,85,3696,1.1,1.5,4,5,59,68,15,18,15,18,1,4,NA,NA,NA,NA,NA,NA,0,NA
2020-06-30,33,40,27,2016,2828,58,1958,1.6,1.4,1,4,54,64,13,17,12,17,5,3,NA,NA,NA,NA,NA,NA,0,NA
2020-07-01,79,45,30,4243,2917,144,4099,1.9,1.5,8,4,52,60,12,16,12,16,1,3,NA,NA,NA,NA,NA,NA,0,NA
2020-07-02,59,46,31,2906,2905,103,2803,2,1.6,5,4,51,58,11,15,11,15,3,3,NA,NA,NA,NA,NA,NA,0,NA
2020-07-03,24,41,27,2129,2840,50,2079,1.1,1.4,9,5,54,56,10,14,10,13,3,3,NA,NA,NA,NA,NA,NA,0,NA
2020-07-04,33,41,27,2402,2712,57,2345,1.4,1.5,2,5,51,54,11,13,10,12,2,3,NA,NA,NA,NA,NA,NA,0,NA
2020-07-05,26,42,28,2981,2923,49,2932,0.9,1.4,1,4,49,53,9,12,9,11,2,2,NA,NA,NA,NA,NA,NA,0,NA
2020-07-06,57,44,29,2915,2799,101,2814,2,1.6,5,4,49,51,10,11,10,11,4,3,NA,NA,NA,NA,NA,NA,0,NA
2020-07-07,47,46,31,3539,3016,81,3458,1.3,1.5,5,5,47,50,9,10,9,10,2,2,NA,NA,NA,NA,NA,NA,0,NA
2020-07-08,64,44,29,3514,2912,105,3409,1.8,1.5,4,4,49,50,10,10,9,10,0,2,NA,NA,NA,NA,NA,NA,0,NA
2020-07-09,50,43,28,3808,3041,94,3714,1.3,1.4,9,5,55,51,10,10,9,9,0,2,NA,NA,NA,NA,NA,NA,0,NA
2020-07-10,80,51,34,4569,3390,132,4437,1.8,1.5,6,5,56,51,8,10,7,9,3,2,NA,NA,NA,NA,NA,NA,0,NA
2020-07-11,36,51,34,3001,3475,63,2938,1.2,1.5,6,5,58,52,7,9,6,8,3,2,NA,NA,NA,NA,NA,NA,0,NA
2020-07-12,34,53,35,1885,3319,47,1838,1.8,1.6,1,5,55,53,7,9,5,8,3,2,NA,NA,NA,NA,NA,NA,0,NA
2020-07-13,61,53,35,3293,3373,84,3209,1.9,1.6,8,6,53,53,7,8,5,7,1,2,NA,NA,NA,NA,NA,NA,0,NA
2020-07-14,44,53,35,3373,3349,74,3299,1.3,1.6,7,6,56,55,5,8,5,7,1,2,NA,NA,NA,NA,NA,NA,0,NA
2020-07-15,100,58,38,4311,3463,130,4181,2.3,1.7,5,6,54,55,5,7,4,6,0,2,NA,NA,NA,NA,NA,NA,0,NA
2020-07-16,76,62,41,3843,3468,103,3740,2,1.8,6,6,51,55,6,6,5,5,1,2,NA,NA,NA,NA,NA,NA,0,NA
2020-07-17,79,61,41,4395,3443,156,4239,1.8,1.8,14,7,61,55,5,6,5,5,2,2,NA,NA,NA,NA,NA,NA,0,NA
2020-07-18,70,66,44,3357,3494,85,3272,2.1,1.9,5,7,56,55,5,6,4,5,4,2,NA,NA,NA,NA,NA,NA,0,NA
2020-07-19,57,70,46,2778,3621,82,2696,2.1,1.9,7,7,60,56,6,6,4,5,2,2,NA,NA,NA,NA,NA,NA,0,NA
2020-07-20,68,71,47,2738,3542,71,2667,2.5,2,9,8,62,57,7,6,5,5,2,2,NA,NA,NA,NA,NA,NA,0,NA
2020-07-21,108,80,53,4434,3694,130,4304,2.4,2.2,9,8,60,58,9,6,6,5,1,2,NA,NA,NA,NA,NA,NA,0,NA
2020-07-22,86,78,51,4058,3658,130,3928,2.1,2.1,7,8,58,58,7,6,6,5,1,2,NA,NA,NA,NA,NA,NA,0,NA
2020-07-23,115,83,55,4555,3759,141,4414,2.5,2.2,8,8,60,60,8,7,7,5,0,2,NA,NA,NA,NA,NA,NA,0,NA
2020-07-24,119,89,59,6138,4008,172,5966,1.9,2.2,15,9,63,60,9,7,7,6,0,1,NA,NA,NA,NA,NA,NA,0,NA
2020-07-25,107,94,62,4532,4176,134,4398,2.4,2.3,7,9,63,61,10,8,8,6,3,1,NA,NA,NA,NA,NA,NA,0,NA
2020-07-26,54,94,62,3094,4221,62,3032,1.7,2.2,7,9,62,61,11,9,7,7,1,1,NA,NA,NA,NA,NA,NA,0,NA
2020-07-27,139,104,69,4379,4456,188,4191,3.2,2.3,12,9,67,62,13,10,8,7,1,1,NA,NA,NA,NA,NA,NA,0,NA
2020-07-28,95,102,67,3946,4386,105,3841,2.4,2.3,5,9,67,63,14,10,7,7,1,1,NA,NA,NA,NA,NA,NA,0,NA
2020-07-29,153,112,74,5330,4568,190,5140,2.9,2.4,9,9,66,64,15,11,7,7,0,1,NA,NA,NA,NA,NA,NA,0,NA
2020-07-30,96,109,72,4466,4555,121,4345,2.1,2.4,6,9,69,65,15,12,6,7,1,1,NA,NA,NA,NA,NA,NA,0,NA
2020-07-31,89,105,69,5643,4484,131,5512,1.6,2.3,7,8,67,66,15,13,7,7,1,1,NA,NA,NA,NA,NA,NA,0,NA
2020-08-01,89,102,67,4403,4466,109,4294,2,2.3,7,8,72,67,14,14,7,7,1,1,NA,NA,NA,NA,NA,NA,0,NA
2020-08-02,62,103,68,2888,4436,84,2804,2.1,2.3,12,8,70,68,14,14,8,7,2,1,NA,NA,NA,NA,NA,NA,0,NA
2020-08-03,150,105,69,5436,4587,188,5248,2.8,2.3,11,8,71,69,16,15,7,7,1,1,NA,NA,NA,NA,NA,NA,0,NA
2020-08-04,99,105,70,3816,4569,125,3691,2.6,2.3,8,9,73,70,12,14,5,7,2,1,NA,NA,NA,NA,NA,NA,0,NA
2020-08-05,119,101,66,6080,4676,147,5933,2,2.2,10,9,74,71,10,14,5,6,2,1,NA,NA,NA,NA,NA,NA,0,NA
2020-08-06,120,104,69,5715,4854,169,5546,2.1,2.2,7,9,72,71,9,13,4,6,0,1,NA,NA,NA,NA,NA,NA,0,NA
2020-08-07,87,104,69,4975,4759,123,4852,1.7,2.2,12,10,74,72,9,12,3,6,2,1,NA,NA,NA,NA,NA,NA,0,NA
2020-08-08,91,104,69,4236,4735,123,4113,2.1,2.2,18,11,86,74,8,11,3,5,1,1,NA,NA,NA,NA,NA,NA,0,NA
2020-08-09,35,100,66,1768,4575,42,1726,2,2.2,6,10,84,76,9,10,4,4,0,1,NA,NA,NA,NA,NA,NA,0,NA
2020-08-10,113,95,63,4735,4475,149,4586,2.4,2.1,8,10,83,78,9,9,4,4,1,1,NA,NA,NA,NA,NA,NA,0,NA
2020-08-11,91,94,62,4440,4564,106,4334,2,2,5,9,75,78,10,9,4,4,3,1,NA,NA,NA,NA,NA,NA,0,NA
2020-08-12,102,91,60,5311,4454,121,5190,1.9,2,8,9,72,78,9,9,3,4,1,1,NA,NA,NA,NA,NA,NA,0,NA
2020-08-13,95,88,58,4331,4257,135,4196,2.2,2,13,10,73,78,11,9,3,3,0,1,NA,NA,NA,NA,NA,NA,0,NA
2020-08-14,98,89,59,5644,4352,145,5499,1.7,2,13,10,75,78,11,10,4,4,3,1,NA,NA,NA,NA,NA,NA,0,NA
2020-08-15,87,89,59,4640,4410,106,4534,1.9,2,9,9,72,76,11,10,5,4,0,1,NA,NA,NA,NA,NA,NA,0,NA
2020-08-16,70,94,62,2559,4523,83,2476,2.7,2.1,6,9,69,74,8,10,4,4,7,2,NA,NA,NA,NA,NA,NA,0,NA
2020-08-17,87,90,59,4681,4515,106,4575,1.9,2,8,9,71,72,8,10,5,4,2,2,NA,NA,NA,NA,NA,NA,0,NA
2020-08-18,93,90,60,5040,4601,128,4912,1.8,2,11,10,73,72,8,9,4,4,5,3,NA,NA,NA,NA,NA,NA,0,NA
2020-08-19,90,89,59,5190,4584,113,5077,1.7,2,8,10,71,72,9,9,5,4,0,2,NA,NA,NA,NA,NA,NA,0,NA
2020-08-20,138,95,63,7583,5048,173,7410,1.8,1.9,12,10,75,72,10,9,5,5,3,3,NA,NA,NA,NA,NA,NA,0,NA
2020-08-21,125,99,65,6730,5203,152,6578,1.9,2,8,9,77,73,9,9,4,5,2,3,NA,NA,NA,NA,NA,NA,0,NA
2020-08-22,84,98,65,5647,5347,96,5551,1.5,1.9,11,9,76,73,11,9,4,4,1,3,NA,NA,NA,NA,NA,NA,0,NA
2020-08-23,56,96,64,4447,5617,72,4375,1.3,1.7,10,10,81,75,12,10,2,4,1,2,NA,NA,NA,NA,NA,NA,0,NA
2020-08-24,77,95,63,5889,5789,105,5784,1.3,1.6,7,10,77,76,14,10,4,4,1,2,NA,NA,NA,NA,NA,NA,0,NA
2020-08-25,93,95,63,4872,5765,108,4764,1.9,1.6,10,9,82,77,12,11,4,4,1,1,NA,NA,NA,NA,NA,NA,0,NA
2020-08-26,127,100,66,9652,6403,170,9482,1.3,1.6,4,9,78,78,10,11,5,4,1,1,NA,NA,NA,NA,NA,NA,0,NA
2020-08-27,69,90,60,8657,6556,91,8566,0.8,1.4,6,8,69,77,7,11,5,4,2,1,NA,NA,NA,NA,NA,NA,0,NA
2020-08-28,86,85,56,8106,6753,113,7993,1.1,1.3,14,9,80,78,10,11,7,4,2,1,NA,NA,NA,NA,NA,NA,0,NA
2020-08-29,52,80,53,5440,6723,65,5375,1,1.2,6,8,77,78,11,11,6,5,2,1,NA,NA,NA,NA,NA,NA,0,NA
2020-08-30,48,79,52,4389,6715,66,4323,1.1,1.2,7,8,80,78,9,10,5,5,2,2,NA,NA,NA,NA,NA,NA,0,NA
2020-08-31,81,79,52,4969,6584,105,4864,1.6,1.3,12,8,76,77,8,10,4,5,1,2,NA,NA,NA,NA,NA,NA,0,NA
2020-09-01,66,76,50,7208,6917,99,7109,0.9,1.1,6,8,72,76,7,9,4,5,2,2,NA,NA,NA,NA,NA,NA,0,NA
2020-09-02,104,72,48,10653,7060,125,10528,1,1.1,9,9,70,75,8,9,4,5,2,2,NA,NA,NA,NA,NA,NA,0,NA
2020-09-03,73,73,48,11170,7419,90,11080,0.7,1.1,8,9,70,75,9,9,4,5,3,2,NA,NA,NA,NA,NA,NA,0,NA
2020-09-04,82,72,48,9065,7556,103,8962,0.9,1,11,8,77,75,9,9,4,4,1,2,NA,NA,NA,NA,NA,NA,0,NA
2020-09-05,42,71,47,6360,7688,53,6307,0.7,1,6,8,74,74,8,8,3,4,1,2,NA,NA,NA,NA,NA,NA,0,NA
2020-09-06,65,73,48,4413,7691,88,4325,1.5,1,4,8,69,73,6,8,3,4,1,2,NA,NA,NA,NA,NA,NA,0,NA
2020-09-07,26,65,43,3037,7415,35,3002,0.9,0.9,11,8,77,73,5,7,3,4,1,2,NA,NA,NA,NA,NA,NA,0,NA
2020-09-08,66,65,43,6454,7307,74,6380,1,1,6,8,70,72,6,7,3,3,2,2,NA,NA,NA,NA,NA,NA,0,NA
2020-09-09,102,65,43,8768,7038,118,8650,1.2,1,10,8,74,73,9,7,3,3,1,1,NA,NA,NA,NA,NA,NA,0,NA
2020-09-10,111,71,47,11498,7085,164,11334,1,1,9,8,75,74,10,8,3,3,1,1,NA,NA,NA,NA,NA,NA,0,NA
2020-09-11,95,72,48,9575,7158,120,9455,1,1,10,8,75,73,10,8,5,3,0,1,NA,NA,NA,NA,NA,NA,0,NA
2020-09-12,97,80,53,6268,7145,110,6158,1.5,1.2,8,8,76,74,9,8,5,4,3,1,NA,NA,NA,NA,NA,NA,0,NA
2020-09-13,53,79,52,2775,6911,58,2717,1.9,1.2,4,8,77,75,10,8,5,4,0,1,NA,NA,NA,NA,NA,NA,0,NA
2020-09-14,96,89,59,6538,7411,104,6434,1.5,1.3,6,8,78,75,10,9,5,4,2,1,NA,NA,NA,NA,NA,NA,0,NA
2020-09-15,123,97,64,8578,7714,122,8456,1.4,1.4,7,8,82,77,10,10,5,4,2,1,NA,NA,NA,NA,NA,NA,0,NA
2020-09-16,117,99,65,9844,7868,137,9707,1.2,1.4,7,7,80,78,9,10,6,5,5,2,NA,NA,NA,NA,NA,NA,0,NA
2020-09-17,151,105,69,9353,7562,125,9228,1.6,1.4,7,7,72,77,8,9,4,5,0,2,NA,NA,NA,NA,NA,NA,0,NA
2020-09-18,131,110,72,10159,7645,132,10027,1.3,1.5,7,7,71,77,11,10,6,5,2,2,NA,NA,NA,NA,NA,NA,0,NA
2020-09-19,111,112,74,8407,7951,115,8292,1.3,1.5,7,6,75,76,10,10,6,5,4,2,NA,NA,NA,NA,NA,NA,0,NA
2020-09-20,49,111,73,3736,8088,60,3676,1.3,1.4,7,7,74,76,9,10,8,6,4,3,NA,NA,NA,NA,NA,NA,0,NA
2020-09-21,95,111,73,7109,8169,102,7007,1.3,1.3,12,8,81,76,8,9,6,6,2,3,NA,NA,NA,NA,NA,NA,0,NA
2020-09-22,123,111,73,9429,8291,154,9275,1.3,1.3,12,8,89,77,7,9,5,6,1,3,NA,NA,NA,NA,NA,NA,0,NA
2020-09-23,128,113,74,10773,8424,136,10637,1.2,1.3,13,9,95,80,6,8,5,6,0,2,NA,NA,NA,NA,NA,NA,0,NA
2020-09-24,117,108,71,12588,8886,120,12468,0.9,1.2,7,9,93,83,7,8,5,6,1,2,NA,NA,NA,NA,NA,NA,0,NA
2020-09-25,143,109,72,10696,8963,150,10546,1.3,1.2,9,10,92,86,6,8,5,6,1,2,NA,NA,NA,NA,NA,NA,0,NA
2020-09-26,120,111,73,10703,9291,147,10556,1.1,1.2,12,10,95,88,6,7,5,6,1,1,NA,NA,NA,NA,NA,NA,0,NA
2020-09-27,34,109,72,2807,9158,43,2764,1.2,1.2,7,10,97,92,9,7,5,5,0,1,NA,NA,NA,NA,NA,NA,0,NA
2020-09-28,137,115,76,7450,9207,156,7294,1.8,1.3,7,10,95,94,7,7,5,5,2,1,NA,NA,NA,NA,NA,NA,0,NA
2020-09-29,185,123,82,11237,9465,203,11034,1.6,1.3,12,10,88,94,6,7,6,5,1,1,NA,NA,NA,NA,NA,NA,0,NA
2020-09-30,189,132,87,12441,9703,223,12218,1.5,1.3,6,9,88,93,6,7,6,5,1,1,NA,NA,NA,NA,NA,NA,0,NA
2020-10-01,166,139,92,12676,9716,184,12492,1.3,1.4,17,10,91,92,6,7,4,5,2,1,NA,NA,NA,NA,NA,NA,0,NA
2020-10-02,183,145,96,12358,9953,209,12149,1.5,1.4,14,11,91,92,8,7,5,5,2,1,NA,NA,NA,NA,NA,NA,0,NA
2020-10-03,131,146,97,9461,9776,157,9304,1.4,1.5,8,10,89,91,9,7,4,5,2,1,NA,NA,NA,NA,NA,NA,0,NA
2020-10-04,77,153,101,2450,9725,81,2369,3.1,1.7,11,11,90,90,8,7,5,5,2,2,NA,NA,NA,NA,NA,NA,0,NA
2020-10-05,160,156,103,9138,9966,175,8963,1.8,1.7,29,14,108,92,9,7,6,5,4,2,NA,NA,NA,NA,NA,NA,0,NA
2020-10-06,187,156,103,11379,9986,189,11190,1.6,1.7,11,14,115,96,11,8,7,5,0,2,NA,NA,NA,NA,NA,NA,0,NA
2020-10-07,243,164,108,12687,10021,244,12443,1.9,1.8,13,15,112,99,9,9,7,5,2,2,NA,NA,NA,NA,NA,NA,0,NA
2020-10-08,275,179,119,15505,10425,283,15222,1.8,1.9,17,15,114,103,7,9,5,6,4,2,NA,NA,NA,NA,NA,NA,0,NA
2020-10-09,200,182,120,13960,10654,231,13729,1.4,1.9,21,16,123,107,10,9,7,6,3,2,NA,NA,NA,NA,NA,NA,0,NA
2020-10-10,192,191,126,14061,11311,232,13829,1.4,1.9,18,17,131,113,13,10,7,6,2,2,NA,NA,NA,NA,NA,NA,0,NA
2020-10-11,88,192,127,3364,11442,100,3264,2.6,1.8,11,17,133,119,14,10,5,6,6,3,NA,NA,NA,NA,NA,NA,0,NA
2020-10-12,157,192,127,6590,11078,170,6420,2.4,1.9,19,16,135,123,14,11,5,6,5,3,NA,NA,NA,NA,NA,NA,0,NA
2020-10-13,213,195,129,8748,10702,230,8518,2.4,2,16,16,134,126,13,11,5,6,7,4,NA,NA,NA,NA,NA,NA,0,NA
2020-10-14,305,204,135,15384,11087,351,15033,2,2,17,17,144,131,15,12,5,6,2,4,NA,NA,NA,NA,NA,NA,0,NA
2020-10-15,252,201,133,14903,11001,276,14627,1.7,2,11,16,139,134,13,13,5,6,2,4,NA,NA,NA,NA,NA,NA,0,NA
2020-10-16,276,212,140,15299,11193,291,15008,1.8,2,13,15,133,136,13,14,4,5,2,4,NA,NA,NA,NA,NA,NA,0,NA
2020-10-17,308,228,151,14425,11245,363,14062,2.1,2.1,19,15,140,137,17,14,4,5,2,4,NA,NA,NA,NA,NA,NA,0,NA
2020-10-18,125,234,154,4194,11363,155,4039,3,2.2,18,16,147,139,17,15,6,5,2,3,NA,NA,NA,NA,NA,NA,0,NA
2020-10-19,318,257,170,8881,11691,388,8493,3.6,2.4,20,16,144,140,15,15,6,5,1,3,NA,NA,NA,NA,NA,NA,0,NA
2020-10-20,383,281,186,13686,12396,440,13246,2.8,2.4,22,17,150,142,14,15,8,5,4,2,NA,NA,NA,NA,NA,NA,0,NA
2020-10-21,469,304,201,18014,12772,552,17462,2.6,2.5,23,18,163,145,15,15,9,6,3,2,NA,NA,NA,NA,NA,NA,0,NA
2020-10-22,485,338,223,16409,12987,542,15867,3,2.7,24,20,164,149,14,15,9,7,3,2,NA,NA,NA,NA,NA,NA,0,NA
2020-10-23,460,364,241,17155,13252,517,16638,2.7,2.8,22,21,163,153,15,15,9,7,3,3,NA,NA,NA,NA,NA,NA,0,NA
2020-10-24,336,368,243,10615,12708,361,10254,3.2,3,17,21,169,157,14,15,8,8,1,2,NA,NA,NA,NA,NA,NA,0,NA
2020-10-25,211,380,251,5001,12823,236,4765,4.2,3.2,16,21,169,160,15,15,8,8,2,2,NA,NA,NA,NA,NA,NA,0,NA
2020-10-26,401,392,259,9629,12930,456,9173,4.2,3.2,28,22,180,165,18,15,8,8,3,3,NA,NA,NA,NA,NA,NA,0,NA
2020-10-27,455,402,266,14518,13049,522,13996,3.1,3.3,28,23,192,171,18,16,9,9,5,3,NA,NA,NA,NA,NA,NA,0,NA
2020-10-28,410,394,260,15697,12718,469,15228,2.6,3.3,24,23,190,175,17,16,9,9,3,3,NA,NA,NA,NA,NA,NA,0,NA
2020-10-29,527,400,264,16874,12784,612,16262,3.1,3.3,20,22,185,178,19,17,11,9,4,3,NA,NA,NA,NA,NA,NA,0,NA
2020-10-30,471,402,265,15431,12538,565,14866,3.1,3.4,21,22,180,181,19,17,9,9,5,3,NA,NA,NA,NA,NA,NA,0,NA
2020-10-31,486,423,280,12423,12796,602,11821,3.9,3.5,32,24,198,185,23,18,10,9,3,4,NA,NA,NA,NA,NA,NA,0,NA
2020-11-01,275,432,286,5422,12856,330,5092,5.1,3.6,22,25,204,190,27,20,13,10,4,4,NA,NA,NA,NA,NA,NA,0,NA
2020-11-02,456,440,291,10460,12975,525,9935,4.4,3.6,38,26,212,194,25,21,13,11,6,4,NA,NA,NA,NA,NA,NA,0,NA
2020-11-03,529,451,298,13642,12850,601,13041,3.9,3.7,33,27,219,198,25,22,13,11,1,4,NA,NA,NA,NA,NA,NA,0,NA
2020-11-04,639,483,319,16795,13007,689,16106,3.8,3.9,32,28,224,203,26,23,12,12,4,4,NA,NA,NA,NA,NA,NA,0,NA
2020-11-05,682,505,334,17365,13077,768,16597,3.9,4,46,32,234,210,25,24,14,12,4,4,NA,NA,NA,NA,NA,NA,0,NA
2020-11-06,692,537,355,16803,13273,774,16029,4.1,4.2,43,35,245,219,29,26,17,13,5,4,NA,NA,NA,NA,NA,NA,0,NA
2020-11-07,575,550,363,14255,13535,603,13652,4,4.2,34,35,253,227,32,27,18,14,1,4,NA,NA,NA,NA,NA,NA,0,NA
2020-11-08,326,557,368,4505,13404,337,4168,7.2,4.5,33,37,259,235,31,28,19,15,6,4,NA,NA,NA,NA,NA,NA,0,NA
2020-11-09,763,601,397,9872,13320,809,9063,7.7,4.9,39,37,263,242,29,28,18,16,4,4,NA,NA,NA,NA,NA,NA,0,NA
2020-11-10,980,665,440,14041,13377,1058,12983,7,5.4,44,39,272,250,32,29,18,17,6,4,NA,NA,NA,NA,NA,NA,0,NA
2020-11-11,1004,717,474,20917,13965,1096,19821,4.8,5.5,41,40,284,259,31,30,15,17,9,5,NA,NA,NA,NA,NA,NA,0,NA
2020-11-12,812,736,486,14815,13601,898,13917,5.5,5.8,39,39,289,266,29,30,15,17,5,5,NA,NA,NA,NA,NA,NA,0,NA
2020-11-13,1113,796,526,17583,13713,1190,16393,6.3,6.1,41,39,299,274,28,30,15,17,2,5,NA,NA,NA,NA,NA,NA,0,NA
2020-11-14,738,819,541,14329,13723,802,13527,5.2,6.2,41,40,310,282,26,29,13,16,10,6,NA,NA,NA,NA,NA,NA,0,NA
2020-11-15,499,844,558,6762,14046,584,6178,7.4,6.3,47,42,332,293,29,29,11,15,8,6,NA,NA,NA,NA,NA,NA,0,NA
2020-11-16,672,831,549,10398,14121,748,9650,6.5,6.1,56,44,346,305,27,29,13,14,6,7,NA,NA,NA,NA,NA,NA,0,NA
2020-11-17,1400,891,589,19748,14936,1569,18179,7.1,6.1,58,46,358,317,31,29,13,14,5,6,NA,NA,NA,NA,NA,NA,0,NA
2020-11-18,1022,894,591,17225,14409,1146,16079,5.9,6.3,39,46,354,327,30,29,15,14,7,6,NA,NA,NA,NA,NA,NA,0,NA
2020-11-19,1034,925,612,14325,14339,1139,13186,7.2,6.5,47,47,355,336,31,29,18,14,6,6,NA,NA,NA,NA,NA,NA,0,NA
2020-11-20,1307,953,630,23691,15211,1463,22228,5.5,6.4,48,48,353,344,34,30,14,14,7,7,NA,NA,NA,NA,NA,NA,0,NA
2020-11-21,755,956,631,18234,15769,853,17381,4.1,6.2,42,48,357,351,36,31,14,14,10,7,NA,NA,NA,NA,NA,NA,0,NA
2020-11-22,485,954,630,8098,15960,573,7525,6,6,64,51,390,359,34,32,15,15,12,8,NA,NA,NA,NA,NA,NA,0,NA
2020-11-23,891,985,651,12034,16194,998,11036,7.4,6.2,74,53,425,370,41,34,18,15,12,8,NA,NA,NA,NA,NA,NA,0,NA
2020-11-24,943,920,608,15634,15606,1054,14580,6,6,46,51,406,377,43,36,22,17,12,9,NA,NA,NA,NA,NA,NA,0,NA
2020-11-25,1184,943,623,20075,16013,1269,18806,5.9,6,59,54,402,384,44,38,26,18,7,9,NA,NA,NA,NA,NA,NA,0,NA
2020-11-26,476,863,570,7042,14973,553,6489,6.8,6,51,55,414,392,47,40,25,19,12,10,NA,NA,NA,NA,NA,NA,0,NA
2020-11-27,974,815,539,10769,13127,1044,9725,9,6.5,52,55,412,401,48,42,22,20,9,11,NA,NA,NA,NA,NA,NA,0,NA
2020-11-28,1098,864,571,13155,12401,1192,11963,8.3,7.1,64,59,437,412,49,44,22,21,4,10,NA,NA,NA,NA,NA,NA,0,NA
2020-11-29,756,903,597,7763,12353,828,6935,9.7,7.6,62,58,461,422,50,46,24,23,9,9,NA,NA,NA,NA,NA,NA,0,NA
2020-11-30,1169,943,623,11228,12238,1294,9934,10.4,8,66,57,467,428,53,48,30,24,7,9,NA,NA,NA,NA,NA,NA,0,NA
2020-12-01,1428,1012,669,15590,12232,1567,14023,9.2,8.5,62,59,470,438,52,49,31,26,13,9,NA,NA,NA,NA,NA,NA,0,NA
2020-12-02,1449,1050,694,17094,11806,1572,15522,8.5,8.8,55,59,467,447,53,50,30,26,14,10,NA,NA,NA,NA,NA,NA,0,NA
2020-12-03,1637,1216,803,16401,13143,1776,14625,10,9.3,64,61,450,452,49,51,31,27,12,10,NA,NA,NA,NA,NA,NA,0,NA
2020-12-04,1527,1295,856,18166,14200,1656,16510,8.4,9.2,70,63,465,460,46,50,29,28,12,10,NA,NA,NA,NA,NA,NA,0,NA
2020-12-05,1074,1291,853,13813,14294,1200,12613,7.8,9.1,68,64,490,467,48,50,29,29,16,12,NA,NA,NA,NA,NA,NA,0,NA
2020-12-06,980,1323,874,8976,14467,1127,7849,10.9,9.3,61,64,496,472,49,50,25,29,15,13,NA,NA,NA,NA,NA,NA,0,NA
2020-12-07,1257,1336,883,12101,14592,1397,10704,10.4,9.3,71,64,507,478,47,49,25,29,24,15,NA,NA,NA,NA,NA,NA,0,NA
2020-12-08,1320,1321,873,16790,14763,1466,15324,7.9,9.1,61,64,504,483,52,49,29,28,21,16,NA,NA,NA,NA,NA,NA,0,NA
2020-12-09,1343,1305,863,17857,14872,1500,16357,7.5,9,58,65,491,486,49,49,31,28,15,16,NA,NA,NA,NA,NA,NA,0,NA
2020-12-10,1255,1251,827,18757,15209,1475,17282,6.7,8.5,63,65,490,492,56,50,30,28,26,18,NA,NA,NA,NA,NA,NA,0,NA
2020-12-11,1295,1218,805,18882,15311,1490,17392,6.9,8.3,69,64,471,493,62,52,33,29,20,20,NA,NA,NA,NA,NA,NA,0,NA
2020-12-12,933,1198,791,14197,15366,1123,13074,6.6,8.1,65,64,473,490,55,53,32,29,19,20,NA,NA,NA,NA,NA,NA,0,NA
2020-12-13,555,1137,751,7832,15202,673,7159,7.1,7.6,74,66,494,490,56,54,30,30,30,22,NA,NA,NA,NA,NA,NA,0,NA
2020-12-14,1140,1120,740,12565,15269,1318,11247,9.1,7.4,85,68,506,490,66,57,32,31,15,21,NA,NA,0,113,NA,113,0,0
2020-12-15,1059,1083,716,16403,15213,1270,15133,6.5,7.2,71,69,516,492,63,58,32,31,16,20,425,0,0,425,NA,538,0,0
2020-12-16,1076,1045,690,20419,15579,1281,19138,5.3,6.9,58,69,490,491,62,60,34,32,19,21,418,0,0,418,NA,956,0,0
2020-12-17,431,927,613,9256,14222,483,8773,4.7,6.6,46,67,474,489,61,61,34,32,17,19,350,0,0,350,NA,1306,0,0
2020-12-18,936,876,579,14763,13634,1114,13649,6.3,6.5,56,65,453,487,61,61,35,33,15,19,1671,0,0,1671,NA,2977,0,0
2020-12-19,1082,897,593,17694,14133,1317,16377,6.1,6.4,60,64,463,485,62,62,40,34,20,19,1177,0,0,1177,NA,4154,0,0
2020-12-20,439,880,582,7363,14066,537,6826,6,6.3,59,62,473,482,64,63,43,36,14,17,803,0,0,803,708,4957,0,0
2020-12-21,932,851,562,13271,14167,1108,12163,7,6,73,60,487,479,58,62,40,37,11,16,1763,0,0,1763,944,6720,0,0
2020-12-22,928,832,550,17684,14350,1079,16605,5.2,5.8,51,58,450,470,58,61,40,38,18,16,1526,0,0,1526,1101,8246,0,0
2020-12-23,953,814,538,21009,14434,1092,19917,4.5,5.7,61,58,443,463,64,61,41,39,10,15,1581,0,0,1581,1267,9827,0,0
2020-12-24,892,880,582,18115,15700,1076,17039,4.9,5.7,52,59,433,457,67,62,44,40,17,15,639,0,0,639,1309,10466,0,0
2020-12-25,244,781,516,3702,14120,306,3396,6.6,5.8,51,58,445,456,64,62,45,42,21,16,1,0,0,1,1070,10467,0,0
2020-12-26,815,743,491,11608,13250,945,10663,7,5.9,57,58,457,455,67,63,54,44,11,15,973,0,0,973,1041,11440,0,0
2020-12-27,689,779,515,8357,13392,791,7566,8.2,6.2,45,56,472,455,68,64,51,45,13,14,835,0,0,835,1045,12275,0,0
2020-12-28,1288,830,548,13664,13448,1500,12164,9.4,6.5,56,53,479,454,72,66,50,46,14,15,3560,0,0,3560,1302,15835,0,0
2020-12-29,1221,872,576,15144,13086,1357,13787,8.1,7,59,54,476,458,70,67,53,48,17,15,3074,0,0,3074,1523,18909,0,0
2020-12-30,1352,929,614,21573,13166,1539,20034,6.3,7.2,60,54,474,462,66,68,49,49,11,15,3195,0,0,3195,1754,22104,0,0
2020-12-31,875,926,612,15004,12722,1008,13996,5.8,7.3,57,55,457,466,60,67,44,49,19,15,794,0,0,794,1776,22898,0,0
2021-01-01,806,1007,665,11751,13872,928,10823,6.9,7.4,52,55,453,467,60,66,46,50,14,14,63,0,0,63,1785,22961,0,0
2021-01-02,901,1019,673,10862,13765,1027,9835,8.3,7.6,51,54,466,468,59,65,42,48,13,14,1746,0,20,1766,1898,24687,20,0
2021-01-03,651,1013,670,9007,13858,760,8247,7.2,7.4,39,53,456,466,61,64,42,47,17,15,1723,0,102,1825,2040,26308,122,0
2021-01-04,1128,991,655,13114,13779,1264,11850,8.6,7.3,68,55,452,462,64,63,42,45,19,16,2335,0,282,2617,1905,28361,404,0
2021-01-05,1622,1048,692,21088,14628,1884,19204,7.7,7.3,57,55,447,458,63,62,41,44,13,15,2513,0,239,2752,1859,30635,643,0
2021-01-06,1222,1029,680,19697,14360,1373,18324,6.2,7.2,59,55,434,452,58,61,39,42,19,16,1633,0,469,2102,1703,31799,1112,0
2021-01-07,1121,1064,703,18703,14889,1262,17441,6,7.3,51,54,425,448,57,60,36,41,11,15,1746,0,705,2451,1939,32840,1817,0
2021-01-08,1241,1127,744,21889,16337,1422,20467,5.7,7.1,56,54,424,443,54,59,35,40,13,15,1788,0,1553,3341,2408,33075,3370,0
2021-01-09,1084,1153,762,18615,17445,1287,17328,5.8,6.7,65,56,444,440,52,58,33,38,15,15,1472,0,696,2168,2465,33851,4066,0
2021-01-10,661,1154,763,9520,17518,739,8781,6.9,6.7,45,57,444,439,55,58,34,37,15,15,338,0,760,1098,2361,33429,4826,0
2021-01-11,893,1121,740,14414,17704,1016,13398,6.2,6.4,64,57,449,438,54,56,36,36,22,15,1311,0,1513,2824,2391,33227,6339,0
2021-01-12,948,1024,677,19431,17467,1118,18313,4.9,6,61,57,426,435,56,55,37,36,15,16,1905,0,1290,3195,2454,33842,7629,0
2021-01-13,882,976,645,21008,17654,1035,19973,4.2,5.7,67,58,431,435,56,55,37,35,11,15,1302,0,1217,2519,2514,33927,8846,0
2021-01-14,996,958,633,21719,18085,1147,20572,4.6,5.5,64,60,430,435,58,55,40,36,10,14,2330,0,596,2926,2582,35661,9442,0
2021-01-15,945,916,605,18669,17625,1104,17565,5.1,5.4,61,61,410,433,57,55,38,36,16,15,1600,0,576,2176,2415,36685,10018,0
2021-01-16,768,870,575,17620,17483,921,16699,4.4,5.2,56,60,412,429,59,56,43,38,15,15,2256,0,594,2850,2513,38347,10612,0
2021-01-17,515,850,561,10689,17650,626,10063,4.8,4.9,47,60,414,425,57,57,42,39,8,14,335,0,208,543,2433,38474,10820,0
2021-01-18,469,789,521,9369,16929,559,8810,5,4.7,60,59,423,421,56,57,40,40,19,13,1209,0,1064,2273,2355,38619,11884,0
2021-01-19,851,775,512,19599,16953,955,18644,4.3,4.6,68,60,422,420,58,57,40,40,13,13,1485,0,722,2207,2213,39382,12606,0
2021-01-20,850,771,509,23601,17324,970,22631,3.6,4.5,46,57,391,415,52,57,34,40,25,15,1956,0,795,2751,2247,40543,13401,0
2021-01-21,1015,773,511,25378,17846,1183,24195,4,4.5,55,56,382,408,52,56,32,38,10,15,2379,0,345,2724,2218,42577,13746,0
2021-01-22,757,746,493,20694,18136,873,19821,3.7,4.3,54,55,368,402,55,56,34,38,16,15,2490,0,310,2800,2307,44757,14056,0
2021-01-23,774,747,494,19983,18473,910,19073,3.9,4.2,57,55,390,399,60,56,35,37,8,14,2497,0,599,3096,2342,46655,14655,0
2021-01-24,341,722,477,9374,18285,405,8969,3.6,4,43,55,381,394,60,56,38,36,16,15,739,0,1050,1789,2520,46344,15705,0
2021-01-25,687,754,498,14193,18975,806,13387,4.8,4,47,53,368,386,60,57,39,36,14,15,2019,0,2782,4801,2881,45581,18487,0
2021-01-26,640,723,478,20783,19144,726,20057,3.1,3.8,49,50,361,377,57,57,36,35,12,14,1553,0,2616,4169,3161,44518,21103,0
2021-01-27,713,704,465,22721,19018,846,21875,3.1,3.7,50,51,350,371,59,58,33,35,7,12,2253,0,2798,5051,3490,43973,23901,0
2021-01-28,638,650,430,23357,18729,765,22592,2.7,3.6,34,48,345,366,55,58,31,35,14,12,2732,0,1095,3827,3648,45610,24996,0
2021-01-29,592,626,414,20738,18736,672,20066,2.9,3.4,41,46,329,361,57,58,34,35,7,11,2280,0,1193,3473,3744,46697,26189,0
2021-01-30,590,600,397,16995,18309,695,16300,3.5,3.4,39,43,334,353,52,57,31,35,9,11,3532,0,2108,5640,4107,48121,28297,0
2021-01-31,320,597,395,8734,18217,361,8373,3.7,3.4,36,42,332,346,46,55,26,33,8,10,2322,0,390,2712,4239,50053,28687,0
2021-02-01,204,528,349,7616,17278,238,7378,2.7,3.1,35,41,321,339,44,53,23,31,11,10,426,0,1033,1459,3762,49446,29720,0
2021-02-02,537,513,339,15454,16516,603,14851,3.5,3.2,48,40,316,332,47,51,24,29,14,10,1717,0,1684,3401,3652,49479,31404,0
2021-02-03,654,505,334,25206,16871,752,24454,2.6,3.1,50,40,315,327,47,50,22,27,14,11,3901,0,1958,5859,3767,51422,33362,0
2021-02-04,612,501,331,24161,16986,708,23453,2.5,3.1,33,40,300,321,48,49,23,26,8,10,2916,0,2048,4964,3930,52290,35410,0
2021-02-05,519,491,324,20639,16972,614,20025,2.5,3,25,38,281,314,51,48,24,25,6,10,2945,0,1549,4494,4076,53686,36959,0
2021-02-06,366,459,303,15587,16771,414,15173,2.3,2.8,28,36,278,306,52,48,23,24,9,10,3235,0,1653,4888,3968,55268,38612,0
2021-02-07,189,440,291,4954,16231,240,4714,3.8,2.8,25,35,274,298,49,48,24,23,14,11,410,0,444,854,3703,55234,39056,0
2021-02-08,338,459,303,13407,17058,387,13020,2.5,2.8,23,33,266,290,46,49,23,23,8,10,1709,0,1381,3090,3936,55562,40437,0
2021-02-09,493,453,299,18495,17493,565,17930,2.7,2.7,34,31,261,282,48,49,24,23,7,9,2709,0,1395,4104,4036,56876,41832,0
2021-02-10,472,427,282,24319,17366,550,23769,1.9,2.6,30,28,241,272,44,48,22,23,11,9,2735,0,2244,4979,3910,57367,44076,0
2021-02-11,411,398,263,21557,16994,482,21075,1.9,2.5,31,28,234,262,43,48,22,23,11,9,3029,0,1952,4981,3913,58444,46028,0
2021-02-12,383,379,250,21153,17067,447,20706,1.8,2.4,19,27,224,254,41,46,21,23,5,9,3367,0,2392,5759,4094,59419,48420,0
2021-02-13,328,373,247,14454,16906,387,14067,2.3,2.4,22,26,208,244,38,44,19,22,9,9,3315,0,2871,6186,4279,59863,51291,0
2021-02-14,232,380,251,6859,17178,266,6593,3.4,2.4,26,26,219,236,38,43,23,22,4,8,1324,0,784,2108,4458,60403,52075,0
2021-02-15,301,374,247,11420,16894,330,11090,2.6,2.4,28,27,217,229,33,41,22,22,3,7,3800,0,1067,4867,4712,63136,53142,0
2021-02-16,407,362,239,20522,17183,473,20049,2,2.3,22,25,194,220,34,39,20,21,9,7,3632,0,1301,4933,4830,65467,54443,0
2021-02-17,357,346,228,22672,16948,413,22259,1.6,2.2,25,25,193,213,30,37,20,21,1,6,5190,0,1922,7112,5135,68735,56365,0
2021-02-18,332,334,221,20561,16806,400,20161,1.6,2.2,17,23,189,206,35,36,19,21,4,5,6023,0,2314,8337,5615,72444,58679,0
2021-02-19,351,330,218,17142,16233,418,16724,2,2.2,22,23,174,199,29,34,17,20,6,5,5555,0,2244,7799,5906,75755,60923,0
2021-02-20,281,323,213,10955,15733,337,10618,2.6,2.3,37,25,188,196,29,33,17,20,4,4,7898,0,2019,9917,6439,81634,62942,0
2021-02-21,173,315,208,6508,15683,200,6308,2.7,2.2,6,22,178,190,33,32,18,19,3,4,1932,0,617,2549,6502,82949,63559,0
2021-02-22,343,321,212,12420,15826,389,12031,2.8,2.2,16,21,177,185,32,32,17,18,2,4,5472,0,1387,6859,6787,87034,64946,0
2021-02-23,440,325,215,20428,15812,491,19937,2.2,2.2,25,21,173,182,32,31,18,18,5,4,6118,0,1378,7496,7153,91774,66324,0
2021-02-24,422,335,221,23611,15946,490,23121,1.8,2.2,28,22,179,180,33,32,20,18,5,4,6625,0,1813,8438,7342,96586,68137,0
2021-02-25,455,352,233,21511,16082,530,20981,2.1,2.3,19,22,175,178,30,31,20,18,5,4,8691,0,2969,11660,7817,102308,71106,0
2021-02-26,371,355,235,19018,16350,433,18585,2,2.3,25,22,175,178,29,31,21,19,0,3,8401,0,2630,11031,8279,108079,73736,0
2021-02-27,341,364,240,15304,16971,384,14920,2.2,2.3,14,19,175,176,29,31,20,19,4,3,8497,0,3724,12221,8608,112852,77460,0
2021-02-28,167,363,240,6377,16953,193,6184,2.6,2.2,8,19,172,175,27,30,19,19,3,3,2498,0,1338,3836,8792,114012,78798,0
2021-03-01,321,360,238,11706,16851,360,11346,2.7,2.2,14,19,160,173,25,29,17,19,5,4,4795,0,1483,6278,8709,117324,80281,0
2021-03-02,426,358,236,21332,16980,481,20851,2,2.2,23,19,161,171,25,28,18,19,0,3,6188,0,1275,7463,8704,122237,81556,0
2021-03-03,420,357,236,24488,17105,474,24014,1.7,2.2,16,17,152,167,25,27,17,19,3,3,7588,0,3139,10727,9031,126686,84695,0
2021-03-04,383,347,229,21167,17056,432,20735,1.8,2.1,21,17,142,162,24,26,17,18,3,3,6641,0,2742,9383,8706,130585,87437,0
2021-03-05,354,345,228,19074,17064,423,18651,1.9,2.1,19,16,141,158,24,26,16,18,3,3,6258,0,2773,9031,8420,134070,90210,0
2021-03-06,244,331,219,13713,16837,299,13414,1.8,2.1,17,17,141,153,22,25,18,17,1,3,7061,387,2333,9781,8071,138798,92543,387
2021-03-07,203,336,222,5324,16686,246,5078,3.8,2.2,13,18,148,149,21,24,17,17,4,3,2270,378,368,3016,7954,140700,92911,765
2021-03-08,302,333,220,12414,16787,361,12053,2.4,2.2,23,19,148,148,21,23,17,17,1,2,3950,498,1614,6062,7923,143036,94525,1263
2021-03-09,375,326,215,19792,16567,419,19373,1.9,2.2,23,19,146,145,25,23,18,17,1,2,4235,780,2457,7472,7925,144814,96982,2043
2021-03-10,469,333,220,25857,16763,539,25318,1.8,2.2,17,19,138,143,24,23,19,17,4,2,4976,539,2085,7600,7478,147705,99067,2582
2021-03-11,315,323,214,17212,16198,369,16843,1.8,2.2,NA,NA,NA,NA,NA,NA,NA,NA,2,2,4054,549,2150,6753,7102,149609,101217,3131
